"Time (s)","Linear Acceleration x (m/s^2)","Linear Acceleration y (m/s^2)","Linear Acceleration z (m/s^2)","Absolute acceleration (m/s^2)"
1.489134720E-1,-7.136884332E-2,-5.877590179E-2,-2.097052336E-2,9.480443702E-2
1.684431590E-1,2.489052713E-2,-3.395652771E-2,3.675711155E-2,5.588979660E-2
1.879728470E-1,-4.860600829E-2,-4.698467255E-2,3.390479088E-2,7.562829061E-2
2.075025340E-1,-1.359282732E-1,-2.551078796E-2,3.990709782E-2,1.439439899E-1
2.270322220E-1,-3.956377506E-3,-4.669666290E-2,-3.213018179E-2,5.682059337E-2
2.465618570E-1,1.313423365E-1,-4.673957825E-3,3.345209360E-2,1.356159939E-1
2.660915450E-1,-1.074570715E-1,-4.852676392E-2,4.073059559E-2,1.247431379E-1
2.856212320E-1,-9.146401286E-2,-5.306911469E-2,-8.653044701E-3,1.060984060E-1
3.051508680E-1,9.394247830E-2,-1.287651062E-2,-6.933987141E-3,9.507404447E-2
3.246805550E-1,-4.871693254E-2,-5.417823792E-2,2.059054375E-2,7.571387899E-2
3.442102430E-1,-9.070616961E-2,-2.370357513E-2,7.866084576E-3,9.408158143E-2
3.637399300E-1,-5.719384551E-2,-5.820274353E-3,7.011419535E-2,9.066979622E-2
3.832695660E-1,-9.437257051E-2,-5.053043365E-2,3.044033051E-2,1.112929491E-1
4.027992530E-1,2.165661752E-2,-3.976631165E-2,4.952013493E-3,4.555097213E-2
4.223289410E-1,4.235084355E-2,-3.615760803E-2,-1.081252098E-2,5.672633584E-2
4.418586280E-1,-3.542283177E-2,-3.626060486E-2,1.153063774E-2,5.198619127E-2
4.613882630E-1,-5.700013041E-2,-5.000114441E-2,1.906484365E-2,7.818310286E-2
4.809179510E-1,-6.354896724E-2,1.677894592E-2,5.303966999E-2,8.445833799E-2
5.004476380E-1,-1.336183548E-1,-3.320598602E-2,-1.422196627E-2,1.384151963E-1
5.199772740E-1,9.636762738E-2,-4.860687256E-2,1.041463017E-2,1.084334459E-1
5.395069610E-1,6.003019214E-2,-2.534580231E-2,4.036140442E-2,7.664904846E-2
5.590366490E-1,-1.280690134E-1,-7.108211517E-2,3.649193048E-2,1.509503238E-1
5.785662840E-1,-5.940066278E-2,-4.744434357E-2,-2.032411098E-2,7.869227384E-2
5.980959720E-1,1.108420342E-1,-5.387210846E-2,-7.478877902E-2,1.441579761E-1
6.176256590E-1,1.989783049E-1,-3.403759003E-2,-3.026080132E-2,2.041240785E-1
6.371552950E-1,-1.593471467E-1,-1.082744598E-1,1.340317726E-1,2.346899825E-1
6.566849820E-1,-3.293629885E-1,-8.920001984E-2,-2.421171665E-1,4.183985469E-1
6.762146700E-1,4.098392129E-1,-2.119255066E-2,-1.463617086E-1,4.357052380E-1
6.957443050E-1,4.285295606E-1,-6.354713440E-2,3.415069878E-1,5.516365156E-1
7.152739930E-1,-6.236991882E-1,-1.804599762E-1,2.809819281E-1,7.074724902E-1
7.348036800E-1,-3.454245329E-1,-3.671836853E-2,2.415696084E-1,4.231101774E-1
7.543333680E-1,1.320537627E-1,2.399539948E-2,3.479119241E-1,3.729030469E-1
7.738630030E-1,-3.525134325E-1,-3.849124908E-2,2.500963509E-1,4.339302722E-1
7.933926910E-1,-5.566594601E-1,1.541328430E-2,2.446772158E-1,6.082550976E-1
8.129223260E-1,-1.392686963E-1,-4.171848297E-2,2.229000926E-1,2.661215002E-1
8.324520130E-1,1.979135126E-1,5.322647095E-2,1.958144605E-1,2.834539092E-1
8.519817010E-1,5.495662987E-2,2.934293747E-1,6.049829721E-2,3.045998573E-1
8.715113360E-1,8.904507756E-2,2.019519806E-1,1.063938588E-1,2.450169004E-1
8.910410240E-1,2.284085155E-1,8.659362793E-3,4.140385091E-1,4.729411396E-1
9.105707110E-1,-1.889039874E-1,7.759189606E-2,3.467611670E-1,4.024282865E-1
9.301003470E-1,-6.210520864E-1,3.531827927E-1,-6.017322093E-2,7.169829813E-1
9.496300340E-1,-6.566934586E-1,4.556627274E-1,-2.011365443E-2,7.995494848E-1
9.691596700E-1,-8.166545630E-1,4.744529724E-1,1.392552853E-1,9.546844152E-1
9.886893570E-1,-1.442880630E0,6.463031769E-1,-3.176881373E-2,1.581335375E0
1.008219045E0,-1.593315363E0,5.181865692E-1,-1.956653148E-1,1.686847972E0
1.027748680E0,-1.285446167E0,4.393033981E-1,-2.841598988E-1,1.387842272E0
1.047278368E0,-7.096259594E-1,3.631839752E-1,-7.584382594E-2,8.007645647E-1
1.067086284E0,7.477252483E-1,3.185997009E-1,-1.123730242E-1,8.205038166E-1
1.087006336E0,7.402312160E-1,-1.529073715E-1,-2.079091072E-1,7.839318301E-1
1.106926441E0,4.771149755E-1,-6.422967911E-1,-2.830604613E-1,8.487090740E-1
1.126846493E0,2.688370347E-1,-7.399301529E-1,-2.032954842E-1,8.130799692E-1
1.146766597E0,-1.433672905E0,-9.471254349E-1,-1.735069454E-1,1.727011653E0
1.166672847E0,-2.923514605E0,-7.456636429E-1,4.151705205E-1,3.045540752E0
1.186606909E0,-4.381917477E0,-7.992916107E-1,-3.279614449E-1,4.466276588E0
1.206527013E0,-3.208355904E0,-2.833957672E-1,6.354283690E-1,3.282930090E0
1.226447066E0,-2.124592066E0,-2.413177490E-2,2.628386617E-1,2.140924555E0
1.246367170E0,-2.008874416E0,1.910619736E-1,3.544685245E-1,2.048836019E0
1.266287222E0,-1.382429123E0,-1.217632294E-1,4.645423293E-1,1.463467164E0
1.286207326E0,-2.819382548E-1,-1.579084396E-1,1.235655546E-1,3.459663295E-1
1.306046441E0,2.909286320E-1,-4.029302597E-1,-2.309940755E-1,5.480424491E-1
1.325576076E0,5.134025216E-1,-5.515060425E-1,-3.739895523E-1,8.411951315E-1
1.345105763E0,8.043285012E-1,-5.751323700E-1,-5.924756527E-1,1.152713746E0
1.364635399E0,1.098983407E0,-5.858936310E-1,-6.641088724E-1,1.411409391E0
1.384165086E0,1.259231329E0,-6.895570755E-1,-4.747473896E-1,1.512130148E0
1.403694722E0,1.519301176E0,-3.650503159E-1,-2.598642707E-1,1.584003547E0
1.423224409E0,1.797194242E0,-1.393594742E-1,-2.327900529E-1,1.817558642E0
1.442754045E0,2.146204233E0,-4.158487320E-1,6.297878921E-2,2.187027459E0
1.462283732E0,2.684189558E0,-7.923469543E-1,8.579491824E-2,2.800008580E0
1.481813368E0,3.717681646E0,-1.294551849E0,1.219888330E0,4.121304266E0
1.501343055E0,4.698809147E0,-9.735422134E-1,7.514067888E-1,4.857077723E0
1.520859097E0,7.355116010E-1,8.875894547E-1,5.518662333E-1,1.278025311E0
1.540402378E0,-3.896275759E0,6.275832176E0,-1.900024772E0,7.627393292E0
1.559932013E0,-3.151985407E0,1.631742477E0,-2.670305490E0,4.441635614E0
1.579448107E0,3.342760324E0,-1.990505695E0,-3.116523027E-1,3.902984328E0
1.598991336E0,3.268326521E0,5.566501617E-2,1.714802742E0,3.691287754E0
1.618521024E0,-7.976096869E-1,-6.038541794E-1,1.202464938E0,1.564206831E0
1.638050659E0,-6.793623567E-1,-4.773492813E-1,4.498455524E-1,9.443286340E-1
1.657580347E0,9.076080918E-1,7.556476593E-1,-1.502257884E-1,1.190514015E0
1.677110034E0,1.182311773E-2,6.708059311E-1,1.364976168E-3,6.709115042E-1
1.696639670E0,-8.645421267E-1,-5.374908447E-2,1.404085755E-1,8.775173052E-1
1.716169357E0,-1.179037690E-1,-1.400852203E-1,4.155002236E-1,4.540546262E-1
1.735698993E0,3.605833054E-1,-2.175531387E-1,3.592824936E-1,5.535644484E-1
1.755228680E0,-1.230746508E-1,-2.408924103E-1,1.249766350E-1,2.979860438E-1
1.774758316E0,-3.287274241E-1,1.465291977E-1,6.410175562E-2,3.655701851E-1
1.794288003E0,-1.593636274E-1,4.094409943E-2,5.494040251E-2,1.734694003E-1
1.813817691E0,-3.210282326E-2,-1.693525314E-1,1.079282165E-1,2.033700348E-1
1.833347326E0,-2.262958288E-1,-8.702659607E-2,2.804496884E-1,3.707228861E-1
1.852877013E0,-9.575995803E-1,2.210788727E-1,2.967267632E-1,1.026605862E0
1.872406649E0,-1.132180572E0,1.773290634E-1,-7.838279009E-3,1.146010420E0
1.891936336E0,-7.099016905E-1,4.504537582E-1,-2.393848896E-1,8.741705348E-1
1.911466024E0,-1.204520941E0,1.144773483E0,-4.557135701E-1,1.723093695E0
1.930995659E0,-1.967554092E0,1.011306763E0,-7.163479328E-1,2.325331124E0
1.950525347E0,-1.972950578E0,1.158409119E0,-1.151072502E0,2.561135212E0
1.970054982E0,-2.207736492E0,2.815146446E0,-1.100939393E0,3.743156085E0
1.989571076E0,-3.786098003E0,6.427787781E0,-6.032494903E-1,7.484310509E0
2.009114357E0,-5.062104225E0,7.158596992E0,-1.338835835E0,8.869210308E0
2.028644045E0,-4.768713951E0,3.525779724E0,-1.239863634E0,6.058796683E0
2.048160086E0,-2.096585274E0,1.158558846E0,2.650308609E-2,2.395543951E0
2.067703368E0,1.486674786E0,-1.480248928E0,1.945449591E0,2.861138395E0
2.087233003E0,1.603869438E0,-8.146886826E-1,1.818624377E0,2.558028430E0
2.106749097E0,-6.271663189E0,-8.996634483E-1,-5.429867506E-1,6.359087048E0
2.126292378E0,-1.223707771E1,-4.040844440E0,-1.205988646E0,1.294329569E1
2.145822066E0,-6.237963200E0,-2.457519054E0,-5.289076567E-1,6.725424008E0
2.165338107E0,-2.121676207E0,-1.153912067E0,3.937291503E-1,2.447048350E0
2.184881388E0,-3.962191582E0,-1.541904926E0,2.759513259E-1,4.260584709E0
2.204411076E0,-4.456161499E0,-1.121309757E0,4.284885526E-2,4.595274410E0
2.223927118E0,-1.719379902E0,-1.977367401E-1,2.503217459E-1,1.748721831E0
2.243470399E0,-1.194605827E-1,1.497678757E-1,3.487073481E-1,3.978668898E-1
2.263000086E0,5.870339870E-1,3.964214325E-1,4.932656884E-3,7.083665613E-1
2.282516128E0,1.790334582E0,4.435081482E-1,-3.198150098E-1,1.871971964E0
2.302059409E0,2.492658138E0,1.199455261E-1,-5.238483548E-1,2.549931101E0
2.321589097E0,2.556946278E0,2.172727585E-1,9.848240763E-2,2.568049942E0
2.341118784E0,2.944915533E0,5.878534317E-1,9.074341655E-1,3.137122235E0
2.360648420E0,3.500222921E0,8.653888702E-1,1.260786772E0,3.819691307E0
2.380178107E0,3.807747364E0,6.775140762E-1,9.768125415E-1,3.989000884E0
2.399694201E0,4.971596241E0,-4.801540375E-1,8.556804657E-1,5.067495056E0
2.419237482E0,7.124176979E0,-9.923343658E-1,6.941890717E-1,7.226376934E0
2.438767118E0,8.056280136E0,-1.461837769E0,3.702688813E-1,8.196201458E0
2.458283211E0,9.614742279E0,-2.171297550E0,5.501522422E-1,9.872206928E0
2.477826441E0,1.080587959E1,2.404193878E-1,9.158502519E-2,1.080894181E1
2.497356128E0,4.714358807E0,1.086685562E1,-1.188719869E0,1.190490592E1
2.516872222E0,-1.265283966E1,1.516159058E0,-1.827714443E0,1.287375741E1
2.536415503E0,-5.241156578E0,-4.027472019E0,-8.155277371E-1,6.659980378E0
2.555945191E0,9.337758064E0,-5.528068542E-2,1.946391106E0,9.538617298E0
2.575461232E0,3.932262182E0,6.457614899E-2,1.267094374E0,4.131874163E0
2.595004513E0,-1.909231186E0,6.054983139E-1,-6.524109840E-1,2.106521308E0
2.614534201E0,-1.300260663E0,1.320133209E-1,-2.552731335E-1,1.331641724E0
2.634050243E0,1.736333013E0,-9.987258911E-2,5.100508332E-1,1.812451025E0
2.653593576E0,5.587854385E-1,-7.231235504E-2,7.052952051E-1,9.027245257E-1
2.673123211E0,-1.814172983E0,1.544284821E-1,-3.794462681E-1,1.859852478E0
2.692639305E0,-2.456506491E-1,2.092075348E-2,-1.777684689E-2,2.471799660E-1
2.712182586E0,1.426190138E0,-1.384153366E-1,2.601454854E-1,1.456314797E0
2.731712274E0,5.862095356E-1,-3.351211548E-3,1.109198332E-1,5.966205324E-1
2.751241961E0,-2.958003283E-1,-1.236534119E-2,4.183036089E-2,2.989991889E-1
2.770771649E0,-6.057018638E-1,4.519748688E-2,3.505545259E-1,7.012888393E-1
2.790301284E0,-5.924896598E-1,-4.196262360E-2,1.656755209E-1,6.166467684E-1
2.809830972E0,-5.481708050E-2,-1.016349792E-1,-6.468713284E-3,1.156564982E-1
2.829360659E0,-6.143534184E-2,6.141853333E-2,9.145551920E-2,1.261374229E-1
2.848890347E0,-5.785133839E-1,1.435661316E-1,8.848977089E-2,6.025939006E-1
2.868420034E0,-8.813721538E-1,3.011369705E-1,3.361296654E-2,9.320033154E-1
2.887949722E0,-9.381071925E-1,3.545494080E-1,4.612058401E-2,1.003931021E0
2.907479409E0,-1.086952925E0,2.062044144E-1,-1.466586590E-1,1.116017779E0
2.927009097E0,-8.296184540E-1,6.782627106E-1,-1.896046996E-1,1.088235740E0
2.946538784E0,-1.382906437E0,1.449969292E0,-4.636254311E-1,2.056645254E0
2.966068472E0,-2.374816656E0,3.557987213E0,-4.090686142E-1,4.297250783E0
2.985598107E0,-2.826063633E0,5.186312675E0,-1.119076967E0,6.011389863E0
3.005127795E0,-3.181029081E0,2.775375366E0,-1.726258516E0,4.560879620E0
3.024657482E0,-2.143544197E0,2.619458199E0,-1.537187815E0,3.717430478E0
3.044173576E0,-1.039242983E0,2.834712029E0,-7.229453921E-1,3.104556056E0
3.063716857E0,-1.114489317E0,9.960670471E-1,4.858087897E-1,1.571701683E0
3.083246545E0,3.784847260E-2,-6.776657104E-1,1.949285030E0,2.064067695E0
3.102776232E0,1.238617897E0,6.862678528E-1,2.414746046E0,2.799309973E0
3.122305920E0,-5.083432198E0,-5.986499786E-2,7.484486699E-1,5.138583670E0
3.141835607E0,-8.514948845E0,-9.292654991E-1,-8.585792780E-1,8.608428810E0
3.161351701E0,-3.815877914E0,-3.350286484E-1,-7.469612360E-2,3.831285419E0
3.180894982E0,-2.002371311E0,-5.891680717E-1,4.712849259E-1,2.139794235E0
3.200424670E0,-5.139964104E0,-1.521739960E0,-2.442851663E-1,5.366059889E0
3.219954357E0,-6.163605690E0,-1.772066116E0,-5.850498676E-1,6.439917451E0
3.239484045E0,-3.705076933E0,-1.200968742E0,-8.274788857E-1,3.981788832E0
3.259013732E0,-1.917310476E0,-8.470697403E-1,-9.369452596E-1,2.295968865E0
3.278543420E0,-1.594961882E0,-9.458885193E-1,-9.539833069E-1,2.085351923E0
3.298073107E0,4.663312912E0,6.266498566E-1,2.170985937E0,5.181926022E0
3.317602795E0,6.530560970E0,1.031271935E0,6.488939524E-1,6.643253100E0
3.337118836E0,-6.005851746E0,-4.194801807E0,-2.885029316E0,7.873373581E0
3.356662170E0,-5.290079594E0,-2.016594410E0,-3.126318932E0,6.467261026E0
3.376191805E0,1.765288115E0,1.308851242E0,-6.470853090E-1,2.290862959E0
3.395707899E0,5.193143845E0,1.778493881E0,-7.991169691E-1,5.547104777E0
3.415251180E0,2.720734596E0,3.581495285E-1,-1.329073906E0,3.049115491E0
3.434780868E0,3.648029089E0,-2.139663696E-2,-1.049249172E0,3.795984441E0
3.454296961E0,6.074790478E0,4.358596802E-1,-1.214114189E0,6.210243657E0
3.473840243E0,5.566025734E0,-2.892112732E-2,-6.978355646E-1,5.609674980E0
3.493369930E0,5.073279381E0,-3.622112274E-1,-4.470245242E-1,5.105799798E0
3.512886024E0,6.838000298E0,-1.061594963E0,-6.775933504E-2,6.920247341E0
3.532429305E0,1.005720329E1,-8.301601410E-1,2.651947498E0,1.043404665E1
3.551958993E0,1.569335747E1,5.986200333E0,6.209289551E0,1.790729851E1
3.571475086E0,2.616131067E0,4.561728477E0,-2.869779110E0,5.990754594E0
3.591018368E0,-1.627111244E1,-2.961837769E0,-1.599522114E0,1.661565690E1
3.610548055E0,-5.152300835E0,-8.288669586E-1,-2.197178006E-1,5.223169559E0
3.630064149E0,9.458905220E0,3.840923309E-1,7.894265056E-1,9.499558363E0
3.649607430E0,6.398293495E0,-2.841329575E-1,6.274608970E-1,6.435262105E0
3.669137118E0,-2.288501740E0,9.099302292E-1,-6.882137060E-2,2.463726774E0
3.688653211E0,-5.619009018E0,-2.969455719E-2,-5.520451069E-2,5.619358651E0
3.708196493E0,-3.064260483E-1,-2.831668854E-1,9.652650356E-1,1.051578336E0
3.727726180E0,2.262171984E0,-2.704505920E-1,7.515639067E-1,2.399044375E0
3.747255868E0,3.173999786E-1,2.513732910E-1,-4.847896099E-2,4.077762714E-1
3.766785555E0,-1.051004052E0,1.422891617E-1,-5.273265839E-1,1.184453059E0
3.786315243E0,6.009399891E-2,-5.800914764E-2,-9.075611830E-2,1.233410837E-1
3.805844930E0,7.132321596E-1,-1.343441010E-1,3.458328247E-1,8.039582039E-1
3.825374618E0,3.353667259E-2,-1.024894714E-1,1.641932130E-1,1.964388234E-1
3.844904357E0,-6.208922863E-1,1.243152618E-1,-1.126705408E-1,6.431610734E-1
3.864434045E0,-5.569915771E-1,1.694574356E-1,-2.036780119E-2,5.825549646E-1
3.883963732E0,-4.818518162E-1,2.301740646E-1,8.669632673E-2,5.409967891E-1
3.903493420E0,-5.548911095E-1,3.898620605E-3,4.826742411E-2,5.570000780E-1
3.923023107E0,-3.782590628E-1,-4.960823059E-2,-2.954053879E-2,3.826402208E-1
3.942552795E0,5.653786659E-2,3.823604584E-1,-1.782107353E-2,3.869284703E-1
3.962082482E0,-1.742749214E-1,6.513280869E-1,-1.739292741E-1,6.963127296E-1
3.981612170E0,-7.925913334E-1,7.644224167E-1,-4.633674920E-1,1.194676561E0
4.001141857E0,-1.343840957E0,1.278958321E0,-7.988368273E-1,2.019847316E0
4.020671597E0,-1.812928438E0,2.286816597E0,-1.213969827E0,3.160690179E0
4.040187638E0,-2.975853682E0,5.034070969E0,-8.332432508E-1,5.906934058E0
4.059730972E0,-4.230654240E0,8.819935799E0,-1.351417899E0,9.875020665E0
4.079260659E0,-5.340250015E0,5.379036903E0,-2.261799812E0,7.909996626E0
4.098776753E0,-4.074064255E0,2.243130684E0,-1.811496735E0,4.991107616E0
4.118320034E0,-9.008228779E-1,1.615324020E-1,6.519167423E-1,1.123641408E0
4.137849722E0,2.626677036E0,-6.257996559E-1,2.676660538E0,3.802048013E0
4.157365816E0,-2.279071093E0,2.965936661E-1,1.267226219E0,2.624499026E0
4.176909097E0,-1.311682796E1,-3.171034336E0,-1.770456195E0,1.361033246E1
4.196438836E0,-1.141229057E1,-3.351136684E0,-1.541746497E0,1.199364313E1
4.215954930E0,-3.688098907E0,-1.681215763E0,5.257385969E-2,4.053556957E0
4.235498211E0,-1.875139952E0,-1.244646072E0,-3.996169567E-2,2.250975482E0
4.255027899E0,-4.562715530E0,-1.823827267E0,-2.814220786E-1,4.921779891E0
4.274543993E0,-3.503085852E0,-1.328814030E0,-2.705073655E-1,3.756398733E0
4.294087274E0,-7.250280380E-1,-4.915122986E-1,-7.196813822E-2,8.788796325E-1
4.313617013E0,4.503288269E-1,-1.127243042E-3,-2.435840964E-1,5.119868505E-1
4.333146701E0,9.699709415E-1,4.522991180E-1,-5.495938659E-1,1.203109113E0
4.352676388E0,1.952797532E0,7.707252502E-1,-6.506415009E-1,2.197901266E0
4.372206076E0,2.645930290E0,8.862028122E-1,-2.375978827E-1,2.800491971E0
4.391735763E0,2.954953909E0,1.018657684E0,5.590525866E-1,3.175209580E0
4.411265451E0,3.852493525E0,1.162789345E0,1.289796233E0,4.225796936E0
4.430795138E0,5.014410019E0,1.339285851E0,1.644339800E0,5.444432735E0
4.450324826E0,5.594883919E0,8.911209106E-1,1.616448760E0,5.891496341E0
4.469854513E0,6.219212532E0,4.481840134E-1,1.635293126E0,6.446212612E0
4.489384253E0,6.539175510E0,-6.841955185E-1,1.256015897E0,6.693766936E0
4.508900295E0,8.032762527E0,-1.279212952E0,1.283900857E0,8.234686455E0
4.528443628E0,9.410837173E0,-1.309955597E0,7.118795514E-1,9.528200904E0
4.547973316E0,9.337453842E0,-6.186161041E-1,-1.526266217E0,9.481572586E0
4.567489409E0,2.669121504E0,7.271165848E0,-2.096061945E0,8.024184573E0
4.587032691E0,-1.143810463E1,3.326866150E0,1.632037878E0,1.202338653E1
4.606562378E0,-5.776455879E0,-3.407579422E0,-6.079380512E-1,6.734139048E0
4.626078472E0,8.267984390E0,-1.081251144E0,1.630489230E0,8.496303022E0
4.645621753E0,6.826561451E0,1.237001419E-1,1.312805295E0,6.952747709E0
4.665151493E0,-1.074499846E0,7.023458481E-1,-1.291113377E0,1.820662890E0
4.684667586E0,-3.070410728E0,6.369714737E-1,-1.098753691E0,3.322711900E0
4.704210868E0,9.451506138E-1,1.291637421E-1,5.077052712E-1,1.080628335E0
4.723740555E0,1.708270788E0,-2.805795670E-1,9.566498995E-1,1.977901163E0
4.743270243E0,-4.625207186E-2,-2.432594299E-1,5.190282464E-1,5.750693219E-1
4.762799982E0,-1.586292386E-1,1.086902618E-1,-2.889681756E-1,3.471014476E-1
4.782329670E0,7.134593725E-1,3.727865219E-1,-5.950334668E-1,1.001028918E0
4.801859357E0,2.500630617E-1,6.712341309E-2,-3.283728361E-1,4.181695911E-1
4.821389045E0,-4.431149364E-1,-6.169033051E-2,2.578477859E-1,5.163739192E-1
4.840918732E0,-5.843575597E-1,-2.838525772E-1,5.251805186E-1,8.353805242E-1
4.860448420E0,-2.580795288E-1,-2.583274841E-1,5.046504140E-1,6.229046256E-1
4.879978159E0,-4.843703508E-1,-9.101295471E-2,9.376394749E-2,5.016868272E-1
4.899507847E0,-8.020064235E-1,2.362251282E-1,-2.008704543E-1,8.598636833E-1
4.919037534E0,-9.484341741E-1,4.417848587E-1,1.578927040E-2,1.046398846E0
4.938567222E0,-1.169575214E0,5.282611847E-1,4.745727777E-2,1.284218928E0
4.958096961E0,-1.020218372E0,4.732704163E-1,-8.533787727E-2,1.127879855E0
4.977626649E0,-7.148262262E-1,8.955087662E-1,-4.776687622E-1,1.241402405E0
4.997156336E0,-1.270506740E0,1.291606903E0,-8.568102121E-1,2.004135601E0
5.016686024E0,-1.929674864E0,1.586104393E0,-5.682986379E-1,2.561705597E0
5.036202118E0,-1.036596298E0,3.628988266E0,-5.674930215E-1,3.816560762E0
5.055745451E0,-2.496646643E0,5.471793175E0,-1.268836737E0,6.146845668E0
5.075275138E0,-3.959049225E0,4.513100624E0,-1.512436748E0,6.191091416E0
5.094804826E0,-3.238964796E0,3.926796913E0,-1.153127909E0,5.219227042E0
5.114334566E0,-2.560843468E0,3.253595352E0,-5.508408546E-1,4.176987866E0
5.133864253E0,-1.717701912E0,5.357818604E-1,1.127546906E0,2.123422729E0
5.153380347E0,1.709398270E0,-8.268823624E-1,2.687242031E0,3.290447784E0
5.172923628E0,-2.027801752E0,5.107202530E-1,1.109303236E0,2.367143593E0
5.192453316E0,-1.212899208E1,-2.428977966E0,-1.137849689E0,1.242204028E1
5.211983055E0,-9.774272919E0,-3.026929855E0,-1.574919820E0,1.035273335E1
5.231512743E0,-2.211858034E0,-1.539939880E0,-4.582643509E-2,2.695520518E0
5.251042430E0,-2.298174858E0,-1.819200993E0,-1.013106108E-2,2.931075326E0
5.270558524E0,-5.675463676E0,-2.305789471E0,-4.180946052E-1,6.140224436E0
5.290101857E0,-4.490191460E0,-1.607299328E0,-6.187627912E-1,4.809168105E0
5.309631545E0,-5.237255096E-1,-8.173179626E-1,-3.077266812E-1,1.018328420E0
5.329147638E0,1.307069778E0,-5.895681381E-1,4.410660267E-2,1.434561741E0
5.348690920E0,1.782144547E0,-4.277086258E-1,3.119245172E-2,1.833015773E0
5.368220607E0,3.107068539E0,-4.589366913E-2,1.963562518E-1,3.113605131E0
5.387750347E0,3.969155312E0,3.695554733E-1,4.071282744E-1,4.007058593E0
5.407280034E0,3.273468018E0,3.197193146E-1,9.058165550E-1,3.411497755E0
5.426809722E0,3.093004227E0,8.376274109E-1,1.510707021E0,3.542672794E0
5.446339409E0,4.448915005E0,1.604942322E0,1.682605743E0,5.019944886E0
5.465869149E0,6.090851784E0,9.185762405E-1,2.085847855E0,6.503308315E0
5.485398836E0,7.814527988E0,-3.590393066E-1,2.160278559E0,8.115575171E0
5.504928524E0,7.712707996E0,-5.174436569E-1,1.222792268E0,7.826163396E0
5.524458211E0,6.062391758E0,-1.411822319E0,1.824651808E-1,6.227289108E0
5.543987899E0,7.239858150E0,-2.297233582E0,-3.776347637E-1,7.604961287E0
5.563503993E0,6.980085850E0,5.370807648E-1,-1.747103930E0,7.215429742E0
5.583047326E0,-1.121917009E0,8.903573036E0,3.805047870E-1,8.982042890E0
5.602577013E0,-9.590455055E0,3.020114899E0,-2.671449900E0,1.040358432E1
5.622093107E0,-3.907579660E0,-3.924352646E0,-1.416305184E0,5.716261267E0
5.641636388E0,6.708399296E0,-6.065397263E-1,1.910152197E0,7.001370792E0
5.661166128E0,4.152500629E0,-2.897968292E-1,1.737803102E0,4.510787437E0
5.680682222E0,-7.185910344E-1,1.628808975E-1,-4.471427798E-1,8.618816201E-1
5.700225503E0,-2.437813520E0,7.935848236E-1,-1.007532001E0,2.754602034E0
5.719755191E0,2.656109333E-1,3.330698013E-1,-3.818601072E-1,5.721029644E-1
5.739284930E0,1.651973844E0,1.001834869E-2,5.540294647E-1,1.742431231E0
5.758814618E0,2.767920494E-1,-8.108234406E-2,3.781462312E-1,4.755867505E-1
5.778344305E0,-4.586667418E-1,-5.081748962E-2,1.727515459E-2,4.617965226E-1
5.797873993E0,2.810999155E-1,-7.819461823E-2,5.798035860E-2,2.974782056E-1
5.817403732E0,8.457250595E-1,-8.013725281E-2,1.815630794E-1,8.686990315E-1
5.836933420E0,3.783173561E-1,-1.114015579E-1,4.330425858E-1,5.857134199E-1
5.856463107E0,-4.324636459E-1,-2.775344849E-1,5.136431456E-1,7.265531476E-1
5.875992847E0,-6.269632578E-1,-7.918262482E-2,3.516694307E-1,7.232041228E-1
5.895522534E0,-2.429002523E-1,2.768421173E-2,3.784363866E-1,4.505341795E-1
5.915052222E0,-1.636240482E-1,6.150341034E-2,2.806550264E-1,3.306398985E-1
5.934581909E0,-6.787700653E-1,6.064605713E-2,8.512997627E-2,6.867706012E-1
5.954111649E0,-6.406074762E-1,3.575496674E-1,-1.999812424E-1,7.604026569E-1
5.973641336E0,-7.550308704E-1,5.311965942E-1,-2.199703753E-1,9.490144377E-1
5.993171024E0,-1.488908529E0,7.304077148E-1,-9.286352992E-2,1.661014050E0
6.012700763E0,-2.123252392E0,1.550623894E0,-5.277113914E-1,2.681625345E0
6.032216857E0,-2.816734552E0,2.934812546E0,-9.813318253E-1,4.184510768E0
6.051760138E0,-3.665131092E0,6.627944946E0,-8.940124512E-1,7.626407962E0
6.071289878E0,-4.050532818E0,6.324234962E0,-1.419505596E0,7.643151190E0
6.090819566E0,-4.171300411E0,3.869945526E0,-1.485044360E0,5.880610704E0
6.110349253E0,-2.805677414E0,3.619066238E0,-5.223368406E-1,4.608937184E0
6.129878941E0,-2.480945587E-1,1.117799759E0,1.972919583E0,2.281104753E0
6.149395034E0,1.103563309E-1,1.239954948E0,2.312100172E0,2.625923457E0
6.168938368E0,-7.014415741E0,-4.741029739E-1,1.447122097E-1,7.031908947E0
6.188468055E0,-1.046900558E1,-2.760955334E0,-1.108540535E0,1.088355707E1
6.207984149E0,-5.367475510E0,-2.342089653E0,-3.776203692E-1,5.868370680E0
6.227527482E0,-3.541149139E0,-2.429981709E0,-1.122023463E-1,4.296177103E0
6.247057170E0,-5.372384548E0,-2.773894787E0,-7.376178503E-1,6.091066254E0
6.266586857E0,-4.688900948E0,-2.264535427E0,-8.108714223E-1,5.269860080E0
6.286116597E0,-1.611927032E0,-1.577329159E0,-7.422674298E-1,2.374286624E0
6.305646284E0,-2.561402321E-1,-1.096162796E0,-6.412058473E-1,1.295502077E0
6.325175972E0,3.580713272E-2,-7.067890167E-1,-7.445557714E-1,1.027227415E0
6.344705711E0,1.431375265E0,2.660846710E-2,-6.415957212E-1,1.568817462E0
6.364235399E0,2.885591269E0,7.732934952E-1,-4.300128222E-1,3.018199931E0
6.383765086E0,2.690014124E0,9.105672836E-1,-2.475830168E-1,2.850720280E0
6.403294774E0,2.321501732E0,1.161238670E0,5.605291724E-1,2.655567452E0
6.422824513E0,3.234534025E0,1.540152550E0,9.560562968E-1,3.707873229E0
6.442354201E0,4.324015141E0,1.326287270E0,1.071315765E0,4.647995517E0
6.461883888E0,5.823559761E0,9.661397934E-1,9.593779445E-1,5.980608701E0
6.481413576E0,7.222273350E0,2.216825485E-1,1.380907178E0,7.356444802E0
6.500929670E0,8.448408127E0,-6.230964661E-1,1.575791478E0,8.616668026E0
6.520473003E0,7.832083225E0,-8.546772003E-1,9.944949150E-1,7.941096958E0
6.540002691E0,6.897707939E0,-1.352794647E0,5.201609135E-1,7.048332820E0
6.559518784E0,7.677812099E0,2.053451538E-2,-1.391796589E0,7.802968541E0
6.579062066E0,1.152967691E0,5.898893356E0,-1.532587051E0,6.202830031E0
6.598591805E0,-8.496099472E0,2.695484161E0,1.223577857E0,8.997026391E0
6.618107899E0,-3.070233822E0,-2.450716972E0,-1.660541177E0,4.264943892E0
6.637651180E0,5.764408112E0,-9.069862366E-1,1.304343700E0,5.979325831E0
6.657180920E0,4.961401939E0,2.912149429E-1,1.190784574E0,5.110604979E0
6.676697013E0,-6.420713663E-1,9.435939789E-2,-3.032528758E-1,7.163250953E-1
6.696240295E0,-2.520362377E0,6.188011169E-1,-1.522385836E0,3.008787126E0
6.715769982E0,5.415357351E-1,6.851997375E-1,-4.104812741E-1,9.650152896E-1
6.735299722E0,1.066565514E0,-9.909439087E-2,6.164223552E-1,1.235863347E0
6.754829409E0,-3.787040710E-3,-1.036872864E-1,5.267590284E-1,5.368803117E-1
6.774359097E0,-2.359830737E-1,2.072916031E-1,1.818866730E-1,3.629608541E-1
6.793888836E0,-2.991756201E-1,3.487634659E-1,-1.275171041E-1,4.768675064E-1
6.813418524E0,2.543784380E-1,3.722286224E-2,8.433640003E-2,2.705671073E-1
6.832948211E0,4.730637074E-1,-1.185646057E-1,1.475086212E-1,5.095150933E-1
6.852477951E0,-1.126004457E-1,-7.011985779E-2,3.281733394E-1,3.539680713E-1
6.872007638E0,-5.520939827E-1,-7.406711578E-2,4.669433236E-1,7.268629657E-1
6.891537326E0,-5.043450594E-1,-1.816062927E-1,3.708154559E-1,6.518043317E-1
6.911067066E0,-1.221615076E-1,-1.684560776E-1,1.532439590E-1,2.584271560E-1
6.930596753E0,-3.073644638E-2,-4.997539520E-2,-1.956850290E-2,6.184816543E-2
6.950126441E0,-4.737536907E-1,2.844476700E-1,-6.948721409E-2,5.569394126E-1
6.969656128E0,-9.341311455E-1,3.866310120E-1,-6.938099861E-2,1.013359886E0
6.989185868E0,-1.126131535E0,8.804912567E-1,-3.124521673E-1,1.463237316E0
7.008715555E0,-1.434409857E0,8.288364410E-1,-6.384892464E-1,1.775435158E0
7.028245243E0,-1.158440948E0,8.447761536E-1,-5.985945463E-1,1.553688389E0
7.047774982E0,-6.636199951E-1,1.816659927E0,-3.010376096E-1,1.957362621E0
7.067304670E0,-1.970922828E0,4.804671288E0,-3.645203412E-1,5.205984830E0
7.086820763E0,-3.570521355E0,5.793133736E0,-1.089275360E0,6.891700954E0
7.106364097E0,-3.693297148E0,3.443788528E0,-1.157971621E0,5.180832127E0
7.125893784E0,-2.884011269E0,3.554430962E0,-7.549431920E-1,4.639120572E0
7.145409878E0,-1.659884453E0,2.175392151E0,3.374206424E-1,2.757063673E0
7.164953211E0,2.116613388E-1,-8.082265854E-1,2.214356899E0,2.366729223E0
7.184482899E0,1.781784534E0,-2.068052292E-1,2.003478527E0,2.689135686E0
7.203998993E0,-6.672247887E0,-6.345295906E-1,-7.772856951E-2,6.702802503E0
7.223542326E0,-1.167625237E1,-2.150897503E0,-1.527319670E0,1.197054446E1
7.243072013E0,-6.997583866E0,-1.632391930E0,-1.036724567E0,7.259867850E0
7.262588107E0,-2.870963097E0,-8.989739418E-1,-2.189419270E-1,3.016375112E0
7.282131441E0,-4.679128170E0,-1.282158375E0,-3.821917772E-1,4.866645773E0
7.301661128E0,-5.892559052E0,-1.384340763E0,-6.045900583E-1,6.083106169E0
7.321177222E0,-3.664478302E0,-8.891820908E-1,-7.676249743E-1,3.848154638E0
7.340720503E0,-1.518091321E0,-6.611146927E-1,-7.121632099E-1,1.802456749E0
7.360250243E0,-1.712119579E-1,-1.677284241E-1,-1.069464445E0,1.095992955E0
7.379766336E0,1.414997339E0,3.405380249E-1,-1.058071733E0,1.799360833E0
7.399309618E0,3.373071194E0,4.948711395E-1,-5.830307603E-1,3.458674831E0
7.418848710E0,3.859441042E0,6.378965378E-1,-7.663337588E-1,3.986159126E0
7.438378398E0,2.855310202E0,5.902013779E-1,-4.564097524E-1,2.951176693E0
7.457908085E0,3.115801573E0,1.143716812E0,6.066682935E-1,3.374070836E0
7.477437773E0,4.290394306E0,1.554314613E0,1.285127640E0,4.740773172E0
7.496953866E0,6.230305672E0,8.437671661E-1,2.252976179E0,6.678664047E0
7.516497200E0,8.338909149E0,1.253528595E-1,2.256475925E0,8.639722376E0
7.536026887E0,7.040662289E0,-5.057706833E-1,1.077971935E0,7.140640933E0
7.555556627E0,6.517343521E0,-1.199715614E0,1.068595052E0,6.712449591E0
7.575086314E0,8.141556740E0,-1.376424789E0,9.663818479E-1,8.313446050E0
7.594616002E0,8.625954628E0,-8.450174332E-1,3.928415775E-1,8.676143856E0
7.614132096E0,2.279016733E0,5.831655502E0,-6.508878469E-1,6.294900965E0
7.633675377E0,-8.949116707E0,7.090879440E0,-3.873672485E-1,1.142441747E1
7.653205116E0,-5.378655910E0,-2.122287750E0,-3.600145817E0,6.811394468E0
7.672721210E0,6.968245029E0,-2.644526005E0,3.445731401E-1,7.461145169E0
7.692264491E0,7.148885727E0,-8.475780487E-2,2.398790359E0,7.541083888E0
7.711794231E0,-2.602238059E-1,3.850698471E-1,-3.572193682E-1,5.861747976E-1
7.731310325E0,-3.495464563E0,2.509136200E-1,-5.134980083E-1,3.541879496E0
7.750853606E0,-4.580829740E-1,3.087825775E-1,-1.099418700E-1,5.632707217E-1
7.770383294E0,1.524032593E0,3.437614441E-2,9.445353150E-1,1.793322064E0
7.789913033E0,-2.338624597E-1,-2.457094193E-1,9.174568653E-1,9.781573843E-1
7.809442721E0,-1.383747935E0,5.415630341E-2,1.912985444E-1,1.397957935E0
7.828972460E0,1.448689699E-1,1.297883987E-1,-4.864336550E-1,5.238795163E-1
7.848502148E0,1.235350609E0,3.364076614E-1,-3.552452326E-1,1.328706294E0
7.868031835E0,2.341550589E-1,1.713790894E-1,-1.148610711E-1,3.120776338E-1
7.887561523E0,-5.643846393E-1,-6.082153320E-2,3.749717474E-1,6.803183749E-1
7.907091262E0,-5.396206379E-1,-2.974643707E-1,6.758516431E-1,9.145769121E-1
7.926620950E0,-2.966902256E-1,-8.715534210E-2,2.171198130E-1,3.778387974E-1
7.946150637E0,-1.751136780E-1,3.262939453E-1,-2.264005542E-1,4.340388806E-1
7.965680377E0,-2.830796242E-1,3.200044632E-1,-1.878376007E-1,4.667117894E-1
7.985210064E0,-8.517673016E-1,1.271028519E-1,-3.954768181E-3,8.612074728E-1
8.004739752E0,-8.166929483E-1,-1.769704819E-1,4.091930389E-2,8.366482611E-1
8.024269491E0,-2.261695862E-1,1.993579865E-1,5.597233772E-2,3.066417960E-1
8.043799179E0,-3.416807652E-1,6.602563858E-1,-1.097090840E-1,7.514787578E-1
8.063328866E0,-1.020008445E0,9.660406113E-1,-6.048166752E-1,1.529527672E0
8.082858606E0,-1.603810430E0,1.536614418E0,-1.079387784E0,2.469507998E0
8.102388294E0,-2.421975851E0,3.181975365E0,-1.168487787E0,4.166089048E0
8.121917981E0,-3.572525263E0,7.330464363E0,-1.376765490E0,8.270074229E0
8.141447721E0,-4.766600609E0,7.002442360E0,-2.018436432E0,8.707971405E0
8.160977408E0,-3.872851133E0,3.156334877E0,-1.140512705E0,5.124665354E0
8.180507096E0,-1.240676641E0,1.519366264E0,1.231582761E-1,1.965431336E0
8.200023189E0,2.078741074E0,-1.352395535E0,2.386635780E0,3.441826329E0
8.219566523E0,3.415648460E0,-2.000865936E-1,2.533861637E0,4.257598366E0
8.239096210E0,-6.521578312E0,-7.260298729E-1,-4.093152285E-2,6.561995005E0
8.258612304E0,-1.216864014E1,-2.841094017E0,-1.715516806E0,1.261311286E1
8.278155637E0,-5.836717606E0,-1.465077400E0,-1.173066616E0,6.131052885E0
8.297685325E0,-1.009643316E0,-6.942839622E-1,-1.333671808E-2,1.225392882E0
8.317201419E0,-4.319032192E0,-1.477075577E0,-3.139742911E-1,4.575409402E0
8.336744752E0,-6.473441601E0,-1.625281811E0,-5.965054631E-1,6.700955595E0
8.356274439E0,-3.695047617E0,-1.046988964E0,-8.055529594E-1,3.924089493E0
8.375790533E0,-7.693815231E-1,-8.075399399E-1,-8.630242348E-1,1.410276396E0
8.395333866E0,-2.925143242E-1,-6.581096649E-1,-1.076799989E0,1.295442464E0
8.414863554E0,1.802451611E-1,-5.387687683E-1,-1.009380460E0,1.158278471E0
8.434379648E0,1.734236002E0,-1.330480576E-1,-7.189909220E-1,1.882079765E0
8.453922981E0,2.989625931E0,1.667985916E-1,-5.138290524E-1,3.038043000E0
8.473452669E0,3.945516348E0,3.013114929E-1,5.573310703E-2,3.957397383E0
8.492982356E0,4.738517761E0,5.272111893E-1,9.266821146E-1,4.856978686E0
8.512512044E0,4.742991924E0,1.025907516E0,1.330055952E0,5.031650570E0
8.532041783E0,5.096321106E0,1.152202606E0,1.175975919E0,5.355649262E0
8.551571471E0,5.831071854E0,1.715316772E-1,1.363944292E0,5.990923644E0
8.571101158E0,7.279979229E0,-9.784126282E-1,2.385925531E0,7.723213676E0
8.590630846E0,1.044697666E1,-9.795608521E-1,3.248068571E0,1.098402523E1
8.610146939E0,9.090244293E0,-1.701444626E0,1.746007919E0,9.411482284E0
8.629690273E0,6.282246113E0,-1.081971169E0,-1.621885777E0,6.577825728E0
8.649219960E0,-1.310360909E0,6.921418190E0,-2.359824777E-1,7.048316338E0
8.668736054E0,-9.384736061E0,7.596722603E0,-3.824055433E0,1.266518319E1
8.688279387E0,-4.081322193E0,-4.428399086E0,-1.183094144E0,6.137395300E0
8.707809075E0,8.926702499E0,-1.215872765E0,1.389306188E-1,9.010197878E0
8.727338762E0,5.187123299E0,6.158704758E-1,1.894444942E0,5.556479659E0
8.746868450E0,-1.620221019E0,-2.412080765E-1,-3.147575855E-1,1.668043712E0
8.766398189E0,-2.899767876E0,2.649888992E-1,-5.236334801E-1,2.958557904E0
8.785914283E0,1.685354710E-1,4.489593506E-1,2.202598453E-1,5.277149826E-1
8.805457564E0,9.075924158E-1,-1.028842926E-1,9.574358463E-1,1.323250759E0
8.824987304E0,-2.157284021E-1,-3.466291428E-1,6.946904659E-1,8.057824455E-1
8.844516991E0,-3.703802228E-1,-1.425867081E-1,2.614037991E-1,4.752309175E-1
8.864046679E0,2.809371948E-1,1.116476059E-1,1.137816906E-1,3.230126444E-1
8.883576419E0,4.059907198E-1,-3.505706787E-3,2.075067163E-1,4.559602963E-1
8.903106106E0,2.525031567E-2,-1.312751770E-1,1.608358026E-1,2.091384850E-1
8.922635794E0,1.173084974E-1,-1.481990814E-1,7.214337587E-2,2.023089666E-1
8.942165533E0,1.274614334E-1,-5.595207214E-3,8.829230070E-2,1.551555791E-1
8.961695221E0,-2.799276114E-1,2.920808792E-1,8.668637276E-2,4.137453744E-1
8.981224908E0,-7.548731565E-1,1.741304398E-1,-6.531155109E-2,7.774448477E-1
9.000754648E0,-4.244689941E-1,1.032352448E-2,-2.111196518E-4,4.245945675E-1
9.020284335E0,-3.472454548E-1,1.765184402E-1,2.036774755E-1,4.395710177E-1
9.039814023E0,-1.070986271E0,4.638986588E-1,5.984997749E-2,1.168672571E0
9.059343762E0,-1.433054090E0,5.615081787E-1,-3.912034035E-1,1.588072908E0
9.078873450E0,-1.237786055E0,9.843835831E-1,-5.785394311E-1,1.683993239E0
9.098403137E0,-1.760872602E0,1.711730957E0,-8.314816952E-1,2.592693002E0
9.117932877E0,-3.036573648E0,4.100181580E0,-8.793067336E-1,5.177397883E0
9.137448971E0,-4.367248058E0,7.946732521E0,-1.000498891E0,9.122741441E0
9.156992252E0,-5.297239304E0,6.434690475E0,-2.004128218E0,8.572194332E0
9.176521991E0,-4.949823380E0,4.109530449E0,-1.858377457E0,6.696458674E0
9.196038085E0,-2.911440849E0,3.510206223E0,-5.832530260E-1,4.597631960E0
9.215581366E0,-7.558059692E-2,2.564086914E-1,1.829959512E0,1.849380885E0
9.235111106E0,4.501479626E0,-2.177237511E0,3.534981728E0,6.123706215E0
9.254627200E0,5.008578300E-1,-5.010704994E-1,9.726208448E-1,1.203296106E0
9.274170481E0,-1.081625748E1,-2.713224888E0,-1.212399960E0,1.121708201E1
9.293700169E0,-1.249799538E1,-2.570756435E0,-1.539217234E0,1.285215417E1
9.313216314E0,-5.815154552E0,-2.230841160E0,-1.028636932E0,6.312746525E0
9.332759596E0,-1.779946566E0,-2.125877380E0,-6.991046667E-2,2.773526976E0
9.352289283E0,-3.933997154E0,-1.847921848E0,-3.691983521E-1,4.362047248E0
9.371819023E0,-5.337447166E0,-1.774057388E0,-3.830432594E-1,5.637583171E0
9.391348710E0,-2.859124184E0,-9.674930573E-1,-3.541909456E-1,3.039092815E0
9.410878398E0,-4.123785496E-1,-2.904939651E-1,-3.292965293E-1,6.023944025E-1
9.430394491E0,8.332507610E-1,9.151458740E-2,-6.263607740E-1,1.046427049E0
9.449937825E0,1.852980375E0,6.077842712E-1,-8.455911875E-1,2.125549917E0
9.469467512E0,3.109197378E0,9.339208603E-1,-5.438519120E-1,3.291670003E0
9.488983606E0,4.633762836E0,9.641876221E-1,-9.116058797E-2,4.733891216E0
9.508526939E0,5.553692818E0,9.418916702E-1,4.364668727E-1,5.649882049E0
9.528056627E0,5.369376183E0,9.627819061E-1,5.998390317E-1,5.487891804E0
9.547586314E0,5.286262989E0,6.853094101E-1,9.765232801E-1,5.419208715E0
9.567116054E0,7.322196484E0,2.140836716E-1,1.717795014E0,7.524042323E0
9.586645741E0,8.319754601E0,-3.406934738E-1,1.900894880E0,8.540947840E0
9.606175429E0,7.816848755E0,-1.215749741E0,1.810592413E0,8.115381493E0
9.625705116E0,9.652759552E0,-1.228369713E0,1.515730023E0,9.847948854E0
9.645234856E0,9.417955399E0,4.863256454E0,-2.637244701E0,1.092264651E1
9.664750950E0,-5.844544411E0,6.620798111E0,-3.089287877E-2,8.831456356E0
9.684294231E0,-1.157042217E1,-1.543758392E0,-1.844896436E0,1.181784676E1
9.703823971E0,3.121247768E0,-2.321097851E0,9.961840510E-2,3.890964751E0
9.723340064E0,9.816530228E0,-7.025051117E-1,1.827497721E0,1.000987148E1
9.742883346E0,2.213281870E0,-6.418037415E-2,1.228256822E-1,2.217616266E0
9.762413085E0,-2.665269613E0,7.263345718E-1,-9.304297566E-1,2.914948293E0
9.781942773E0,-1.686920404E0,5.811033249E-1,-8.777471781E-1,1.988421895E0
9.801472460E0,1.344753981E0,2.398090363E-1,2.376760840E-1,1.386492540E0
9.821002200E0,1.095336080E0,-2.669439316E-1,1.048340082E0,1.539492487E0
9.840531887E0,-4.185670018E-1,-2.368898392E-1,4.663076401E-1,6.698939812E-1
9.860061627E0,1.313638687E-2,3.731727600E-2,3.616362810E-2,5.359992300E-2
9.879591314E0,1.075907469E0,2.083406448E-1,-1.121848822E-1,1.101620694E0
9.899121054E0,1.660553217E-1,4.160242081E-1,-1.050729156E-1,4.600987167E-1
9.918650741E0,-7.597494125E-1,3.649711609E-3,3.036751151E-1,8.181998935E-1
9.938180481E0,-3.355920315E-1,-2.757453918E-1,6.631471515E-1,7.927305199E-1
9.957710169E0,-1.245816946E-1,-2.269220352E-1,4.636825919E-1,5.310515556E-1
9.977239856E0,-8.679902554E-2,-1.555490494E-1,2.244241834E-1,2.865236320E-1
9.996769596E0,-2.034862041E-1,4.690265656E-2,4.007303715E-2,2.126319420E-1
1.001629928E1,-5.046517849E-1,1.327772141E-1,-1.921540797E-1,5.560812916E-1
1.003582902E1,-5.287268162E-1,1.741495132E-1,-3.511953354E-2,5.577754752E-1
1.005535871E1,-7.433474064E-1,8.536148071E-2,6.466418505E-2,7.510215748E-1
1.007488845E1,-1.148277760E0,4.769744873E-1,1.011604071E-2,1.243442322E0
1.009441814E1,-1.561023712E0,6.887874603E-1,-3.536884487E-1,1.742503577E0
1.011394788E1,-1.526136875E0,1.176109314E0,-6.477817297E-1,2.032719373E0
1.013346397E1,-2.032579184E0,2.417596817E0,-1.004276752E0,3.314321092E0
1.015300730E1,-3.323377371E0,4.621369362E0,-1.062778234E0,5.790629457E0
1.017253704E1,-5.287255764E0,8.012370110E0,-1.023608685E0,9.654062514E0
1.019206673E1,-5.508655548E0,6.788854599E0,-1.353692412E0,8.846825185E0
1.021159647E1,-4.125114441E0,3.071902275E0,-5.105803013E-1,5.168543797E0
1.023112616E1,-1.522928476E0,8.897132874E-1,1.024133205E0,2.039546445E0
1.025064225E1,2.654680729E0,-2.068912506E0,3.148290396E0,4.608628988E0
1.027018558E1,1.998641491E0,-4.324398041E-1,1.995356083E0,2.857099559E0
1.028971533E1,-9.589351654E0,-2.090042591E0,-6.030119061E-1,9.832983603E0
1.030923142E1,-1.262602615E1,-2.951980114E0,-1.726929426E0,1.308101710E1
1.032877475E1,-4.996199608E0,-1.727931976E0,-8.441801071E-1,5.353540837E0
1.034830444E1,-1.189479589E0,-1.651659489E0,3.345278502E-1,2.062704449E0
1.036782058E1,-4.561080456E0,-1.864516735E0,-4.260855317E-1,4.945849417E0
1.038736392E1,-5.771034241E0,-1.815535069E0,-5.330725908E-1,6.073316242E0
1.040689361E1,-2.022811413E0,-8.596611023E-1,-6.125255823E-1,2.281659662E0
1.042640970E1,1.033474922E0,-8.320903778E-2,-5.229909420E-1,1.161255219E0
1.044595303E1,2.284730673E0,1.276550293E-1,-5.584053993E-1,2.355441921E0
1.046548277E1,3.256567478E0,3.215675354E-1,-1.578884423E-1,3.276212170E0
1.048499887E1,4.575629234E0,5.068902969E-1,1.446943730E-1,4.605893738E0
1.050454220E1,5.060674191E0,1.677036285E-1,5.350896716E-1,5.091646956E0
1.052407194E1,4.606168270E0,-2.701797485E-1,1.266970873E0,4.784871829E0
1.054360163E1,5.240728855E0,-3.003911972E-1,1.766323209E0,5.538535139E0
1.056313137E1,6.945854664E0,2.501983643E-1,1.511949539E0,7.112909928E0
1.058266105E1,6.401067734E0,-3.832368851E-1,8.068683147E-1,6.463093309E0
1.060219079E1,6.004385471E0,-1.191422462E0,2.239468396E-1,6.125543613E0
1.062172048E1,7.073848248E0,-1.319940567E0,-1.126384437E-1,7.196822879E0
1.064125022E1,7.602154255E0,-2.184905529E0,4.906715751E-1,7.925106944E0
1.066076631E1,7.905745506E0,5.791196823E-1,9.482190013E-2,7.927495368E0
1.068030965E1,5.731365681E-1,1.177053928E1,4.493317306E-1,1.179304793E1
1.069983939E1,-1.295427513E1,1.172271729E0,-4.787934303E0,1.386043939E1
1.071935548E1,-4.443801880E0,-4.509748936E0,-1.280053139E0,6.459392127E0
1.073889881E1,1.100054836E1,9.907922745E-1,1.465214729E0,1.114183952E1
1.075842855E1,5.340556145E0,-7.951707840E-1,1.470375776E0,5.596055882E0
1.077794465E1,-2.095059395E0,2.443981171E-2,-7.112476230E-1,2.212632901E0
1.079748798E1,-3.738929272E0,1.031830788E0,-1.130291820E0,4.040028028E0
1.081701772E1,7.820942402E-1,2.980537415E-1,4.784224033E-1,9.640515699E-1
1.083654741E1,2.061696053E0,-2.986726761E-1,1.644688845E0,2.654203718E0
1.085607715E1,-5.185307264E-1,-3.530550003E-1,7.299980521E-1,9.625066772E-1
1.087560689E1,-8.179203868E-1,6.589412689E-2,-1.125096679E-1,8.282476806E-1
1.089513658E1,4.676128626E-1,4.516801834E-1,-1.804448366E-1,6.747126176E-1
1.091466631E1,4.399886131E-1,2.004671097E-1,-8.672118187E-3,4.835827203E-1
1.093419605E1,-4.706462622E-1,-5.016899109E-2,2.773011923E-1,5.485624696E-1
1.095372574E1,-6.362987757E-1,-1.721429825E-1,4.065161347E-1,7.744447728E-1
1.097325548E1,-2.646536827E-1,-2.158746719E-1,3.518812060E-1,4.903711135E-1
1.099278522E1,6.635713577E-2,-1.208200455E-1,3.449302912E-2,1.420933563E-1
1.101231496E1,-2.473601103E-1,1.273307800E-1,-1.728892326E-2,2.787455086E-1
1.103184465E1,-8.173919916E-1,2.531013489E-1,-1.591144800E-1,8.703489981E-1
1.105137439E1,-5.955705643E-1,3.164577484E-1,-2.582969964E-1,7.221960550E-1
1.107090413E1,-6.137042046E-1,5.837984085E-1,-1.063767076E-1,8.536799379E-1
1.109043387E1,-1.364724398E0,1.257330894E0,-5.544643998E-1,1.936694202E0
1.110996355E1,-2.046547413E0,1.392384529E0,-6.762844920E-1,2.566018648E0
1.112947970E1,-2.156765699E0,2.387816429E0,-8.437780142E-1,3.326449597E0
1.114902303E1,-3.528697252E0,6.020622253E0,-9.371219277E-1,7.041150057E0
1.116855272E1,-5.591621399E0,9.424810410E0,-1.869526386E0,1.111703243E1
1.118806887E1,-5.906502247E0,4.877470970E0,-2.013888597E0,7.920368624E0
1.120761220E1,-3.009388447E0,2.197253227E0,-7.973652482E-1,3.810529085E0
1.122714194E1,1.416827679E0,-9.317731857E-1,1.928612232E0,2.568101844E0
1.124665803E1,5.301263332E0,-1.049722672E0,3.287434578E0,6.325546357E0
1.126620137E1,-4.780566216E0,2.484617233E-1,2.947087288E-1,4.796081714E0
1.128573111E1,-1.355209637E1,-2.437923908E0,-1.554641128E0,1.385711723E1
1.130524720E1,-7.850862503E0,-2.380749226E0,-1.640067220E0,8.366231493E0
1.132479053E1,-2.985525131E-1,-1.383637428E0,1.953104138E-1,1.428891981E0
1.134432027E1,-2.660073996E0,-2.192584515E0,1.108934879E-1,3.449016944E0
1.136383637E1,-6.493273735E0,-2.453607082E0,-5.899102092E-1,6.966404063E0
1.138337970E1,-4.828626633E0,-1.508086205E0,-6.110752225E-1,5.095426585E0
1.140290944E1,-1.014403343E0,-9.058494568E-1,-2.555922568E-1,1.383800847E0
1.142242559E1,2.175252438E-1,-8.513250351E-1,-3.584495187E-2,8.794068499E-1
1.144196892E1,5.113008022E-1,-5.781373978E-1,-4.570210576E-1,8.969613192E-1
1.146149861E1,1.667313814E0,-1.261558533E-1,-4.606543779E-1,1.734373982E0
1.148101475E1,3.124502659E0,-8.092403412E-2,1.917526424E-1,3.131426934E0
1.150055809E1,3.735185146E0,-4.012775421E-2,5.795727372E-1,3.780095617E0
1.152008777E1,3.286339283E0,1.449041367E-1,1.276619315E0,3.528566276E0
1.153961751E1,3.873693943E0,5.880451202E-1,2.167613745E0,4.477706017E0
1.155914725E1,5.820724010E0,1.065786362E0,1.600075364E0,6.130005689E0
1.157867694E1,6.809082508E0,3.738431931E-1,1.521085620E0,6.986920981E0
1.159819308E1,7.916388512E0,-2.915916443E-1,1.818113804E0,8.127716196E0
1.161773642E1,9.776336670E0,-1.083735466E0,2.875699043E0,1.024796986E1
1.163726611E1,1.388447952E1,-3.987274170E-1,-2.489705235E-1,1.389243469E1
1.165678225E1,8.512123108E0,7.374315262E0,-5.317344666E0,1.245435344E1
1.167632553E1,-1.061679459E1,3.334330559E0,8.700179458E-1,1.116203471E1
1.169585527E1,-1.172367096E1,-3.549361706E0,-3.111088276E0,1.263808924E1
1.171537142E1,5.967001915E0,-2.130613327E-1,1.156373024E0,6.081751849E0
1.173491475E1,1.020413494E1,-6.761522293E-1,1.932644725E0,1.040752936E1
1.175444444E1,2.009703159E0,-7.011089325E-1,-2.519009709E-1,2.143341929E0
1.177396059E1,-3.063174963E0,1.605904579E0,-1.259231567E0,3.680711142E0
1.179350392E1,-2.583586454E0,5.092439651E-1,-4.200218022E-1,2.666583338E0
1.181303361E1,8.449107409E-1,-2.566318512E-1,1.099445105E0,1.410146661E0
1.183256335E1,1.031292796E0,-5.628862381E-1,1.391057730E0,1.820836993E0
1.185209308E1,-2.765766382E-1,-3.923749924E-1,5.039413571E-1,6.959954475E-1
1.187162283E1,8.247435093E-2,2.664041519E-1,-3.481369019E-1,4.460633286E-1
1.189115251E1,8.544074297E-1,4.250946045E-1,-2.248687744E-1,9.804506333E-1
1.191068225E1,1.124354601E-1,7.104682922E-2,1.851057410E-1,2.279331481E-1
1.193021199E1,-6.095832586E-1,-1.208086014E-1,4.177377224E-1,7.487932105E-1
1.194974168E1,-3.529834747E-2,-2.957057953E-1,3.081102371E-1,4.285088201E-1
1.196927142E1,7.084242105E-1,-8.473110199E-2,1.782987714E-1,7.354146270E-1
1.198880116E1,1.546882391E-1,1.092939377E-1,-2.384543419E-3,1.894183259E-1
1.200833090E1,-5.642691851E-1,1.421432495E-1,-7.197934389E-2,5.863321947E-1
1.202786058E1,-7.119567394E-1,6.649494171E-2,4.165458679E-2,7.162674645E-1
1.204739032E1,-3.650449514E-1,-4.572010040E-2,2.691464424E-1,4.558376373E-1
1.206692006E1,-3.692921400E-1,3.222017288E-1,1.900909543E-1,5.256664433E-1
1.208644975E1,-1.132027388E0,5.919723511E-1,6.254440546E-2,1.278995338E0
1.210597949E1,-1.990512848E0,1.130664825E0,-4.023308158E-1,2.324309452E0
1.212549559E1,-2.545411587E0,2.246248245E0,-7.500027418E-1,3.476673042E0
1.214503892E1,-2.946665049E0,5.739577293E0,-1.278915882E0,6.577325311E0
1.216456866E1,-4.324434280E0,7.090888977E0,-1.922037363E0,8.525002402E0
1.218409840E1,-5.275278091E0,4.055844307E0,-1.986609936E0,6.944425896E0
1.220362808E1,-3.851931572E0,4.521018982E0,-1.585628986E0,6.147455470E0
1.222315783E1,-1.745600939E0,2.310475349E0,3.154405951E-1,2.912888901E0
1.224267397E1,1.761409760E0,-4.903964996E-1,2.515392780E0,3.109703186E0
1.226221730E1,-1.723535776E0,1.303930283E-1,1.940723658E0,2.598843248E0
1.228174699E1,-1.087989807E1,-2.254600525E0,-5.609958172E-1,1.112520210E1
1.230126314E1,-9.283068657E0,-2.798349380E0,-1.530523777E0,9.815733593E0
1.232080647E1,-2.243465185E0,-1.977347851E0,1.704006195E-1,2.995342540E0
1.234033616E1,-2.062638998E0,-2.530240536E0,4.602333307E-1,3.296727396E0
1.235985230E1,-5.217475414E0,-2.601766109E0,-1.573446393E-1,5.832323201E0
1.237939559E1,-4.912645340E0,-1.836666107E0,-1.034262776E-2,5.244762492E0
1.239892532E1,-1.565547466E0,-8.063831329E-1,-1.135053337E-1,1.764674499E0
1.241844147E1,-1.709225178E-1,-3.244743347E-1,2.559690773E-1,4.472340210E-1
1.243798475E1,-2.381455898E-1,-1.028337479E-1,5.972844362E-2,2.661871309E-1
1.245751449E1,7.726140022E-1,2.934827805E-1,-8.472536504E-2,8.308085979E-1
1.247703059E1,2.477419853E0,5.347204208E-1,4.659120739E-2,2.534897591E0
1.249657392E1,3.603578568E0,5.922813416E-1,3.556717038E-1,3.669206732E0
1.251610366E1,4.215952396E0,7.215652466E-1,8.064776659E-1,4.352621881E0
1.253563335E1,4.828321457E0,8.350934982E-1,1.143550873E0,5.031677438E0
1.255516308E1,5.390809536E0,4.102973938E-1,9.597464800E-1,5.490927491E0
1.257469277E1,6.324352264E0,-2.732553482E-1,6.073945761E-1,6.359326082E0
1.259420892E1,7.231731892E0,-8.735094070E-1,5.923970342E-1,7.308344483E0
1.261375220E1,8.132205963E0,-1.195257187E0,5.962192416E-1,8.241170484E0
1.263328194E1,8.804452896E0,-1.849139690E0,2.236630768E-1,8.999318506E0
1.265279803E1,8.826493263E0,-3.118426323E0,-4.847144485E-1,9.373714000E0
1.267234137E1,7.465787411E0,4.241393089E0,-2.560916901E0,8.960228366E0
1.269187105E1,-4.094726086E0,1.321703625E1,-5.717294216E-1,1.384859933E1
1.271138720E1,-1.354796982E1,-3.596838951E0,-4.582657337E0,1.474738909E1
1.273093053E1,3.731870890E0,-3.232548237E0,4.388424754E-1,4.956693571E0
1.275046022E1,1.031497002E1,-2.860488892E-1,2.979879141E0,1.074058239E1
1.276997637E1,1.928138256E0,-6.954193115E-3,-1.184767187E-1,1.931787314E0
1.278951965E1,-4.033620834E0,1.082880974E0,-7.756942511E-1,4.247873563E0
1.280904939E1,-2.732146502E0,4.298067093E-1,1.304626465E-2,2.765778104E0
1.282856548E1,1.453616619E0,-3.104648590E-1,1.117357492E0,1.859536897E0
1.284810881E1,1.475134611E0,-3.683919907E-1,9.844706655E-1,1.811330249E0
1.286763850E1,-4.516524673E-1,-9.111595154E-2,-2.503383160E-2,4.614312089E-1
1.288716824E1,-4.361756444E-1,3.078422546E-1,-3.737058640E-1,6.516687190E-1
1.290669798E1,2.670394182E-1,2.885007858E-1,-1.441993117E-1,4.187316513E-1
1.292622767E1,3.860497475E-1,7.723808289E-3,2.226068974E-1,4.456993331E-1
1.294575741E1,-1.524207592E-1,-2.663812637E-1,2.793523073E-1,4.150045507E-1
1.296528710E1,-9.924435616E-2,-1.954078674E-1,1.656341553E-1,2.747150347E-1
1.298481684E1,-9.920156002E-2,-5.184555054E-2,1.275988817E-1,1.697362225E-1
1.300434652E1,-5.818715096E-1,2.363138199E-1,-5.412667990E-2,6.303557508E-1
1.302387626E1,-6.736283302E-1,-3.010177612E-2,-2.059283257E-1,7.050444805E-1
1.304340595E1,-3.190119267E-1,1.817798615E-2,-1.305705309E-2,3.197960837E-1
1.306293569E1,-2.660446167E-1,5.510387421E-1,-1.024115682E-1,6.204124133E-1
1.308246538E1,-8.359606266E-1,1.004513741E0,-4.097422659E-1,1.369586342E0
1.310199512E1,-1.576224804E0,1.118138313E0,-6.271508932E-1,2.031756915E0
1.312151121E1,-2.057689667E0,2.515870094E0,-5.526282191E-1,3.296829848E0
1.314105454E1,-3.228255749E0,7.124011040E0,-7.870093584E-1,7.860823888E0
1.316058423E1,-5.020441055E0,6.546923637E0,-1.381778717E0,8.365186784E0
1.318010038E1,-4.287066460E0,3.052237511E0,-1.325129390E0,5.426883134E0
1.319964366E1,-1.663524628E0,2.147216797E0,-4.814597964E-1,2.758560801E0
1.321917340E1,7.888412476E-1,-2.924957275E-1,1.083283544E0,1.371614924E0
1.323868949E1,3.102368832E0,-1.438740253E0,2.545327663E0,4.263022261E0
1.325823282E1,-1.837574720E0,-1.669311523E-2,1.315340996E0,2.259885273E0
1.327776251E1,-9.776250839E0,-1.883079052E0,-6.869700551E-1,9.979629003E0
1.329729220E1,-7.450418949E0,-1.833054066E0,-6.803760529E-1,7.702709997E0
1.331682194E1,-1.580240965E0,-1.190262794E0,2.827481627E-1,1.998457793E0
1.333635163E1,-2.484268665E0,-1.522819042E0,2.781981230E-1,2.927108271E0
1.335586772E1,-5.489464760E0,-1.934923649E0,-2.289971411E-1,5.824997216E0
1.337541105E1,-4.317042828E0,-1.406274796E0,-3.468563557E-1,4.553545531E0
1.339494079E1,-1.359409332E0,-7.819528580E-1,-3.635139763E-1,1.609840494E0
1.341447048E1,-4.125936031E-1,-5.737314224E-1,-2.858316898E-1,7.622997975E-1
1.343400017E1,2.339291573E-2,-4.731140137E-1,-5.087807775E-1,6.951560817E-1
1.345352991E1,1.430659533E0,-2.291622162E-1,-5.702987909E-1,1.557094323E0
1.347305960E1,2.535780907E0,-2.135772705E-1,-4.000901580E-1,2.576018671E0
1.349258928E1,2.054191113E0,-2.992820740E-1,2.606946230E-2,2.076042028E0
1.351211902E1,1.756279945E0,-1.238956451E-1,5.978147388E-1,1.859368667E0
1.353164871E1,2.285809278E0,2.439355850E-1,7.014405131E-1,2.403424103E0
1.355117840E1,3.056900740E0,3.326377869E-1,2.932795286E-1,3.088899952E0
1.357070814E1,3.711364985E0,-2.094736099E-1,6.166138649E-1,3.768066069E0
1.359023782E1,4.819097519E0,-2.506303787E-1,6.732393503E-1,4.872347248E0
1.360976751E1,5.013583183E0,-9.870529175E-3,7.986089587E-1,5.076799192E0
1.362929725E1,5.103914738E0,-5.314254761E-1,8.470478058E-1,5.200946901E0
1.364882694E1,5.818677902E0,-1.054274559E0,1.104668260E0,6.015712704E0
1.366835663E1,6.972721100E0,-1.032166481E0,2.163516045E0,7.373263108E0
1.368788631E1,9.073273659E0,-6.672992706E-1,1.718247414E0,9.258615306E0
1.370740241E1,4.943189621E0,2.409037590E0,-2.511319637E0,6.045271876E0
1.372694574E1,-6.225653172E0,5.647386551E0,-1.548945189E0,8.546985636E0
1.374647543E1,-8.603414536E0,1.712107658E0,-3.206752300E0,9.339877655E0
1.376599152E1,2.988448858E0,-2.244443417E0,4.767244160E-1,3.767707393E0
1.378553486E1,8.127925873E0,-1.270874977E0,2.226488352E0,8.522649387E0
1.380506454E1,4.731489420E-1,-4.813194275E-3,6.887660623E-1,8.356385443E-1
1.382458064E1,-3.836002588E0,8.314619064E-1,-6.293319464E-1,3.975211121E0
1.384412397E1,-1.329245687E0,7.325878143E-1,-6.583942175E-1,1.654406826E0
1.386365366E1,1.898039937E0,2.179079056E-1,6.847110987E-1,2.029499630E0
1.388318335E1,8.551652431E-1,-3.112249374E-1,9.526800513E-1,1.317485421E0
1.390271308E1,-5.036364794E-1,-2.699975967E-1,9.995806217E-2,5.801206942E-1
1.392224277E1,3.932141066E-1,-2.951622009E-3,-1.909205317E-1,4.371232036E-1
1.394177246E1,5.756536722E-1,6.088676453E-1,-4.238425195E-1,9.390098195E-1
1.396130215E1,-3.035566807E-1,3.554906845E-1,-1.326749921E-1,4.859248282E-1
1.398083189E1,-3.241508007E-1,1.728181839E-1,4.753335714E-1,6.007344425E-1
1.400036158E1,-7.350876331E-1,-4.099273682E-2,5.767575502E-1,9.352451575E-1
1.401989126E1,-1.049934506E0,7.761287689E-2,2.008528113E-1,1.071787329E0
1.403942095E1,-9.419265985E-1,3.925132751E-1,-1.357881427E-1,1.029432275E0
1.405895069E1,-1.041803122E0,4.424123764E-1,-3.373088837E-1,1.181041802E0
1.407848038E1,-1.441254497E0,6.643276215E-1,-4.511900842E-1,1.649884300E0
1.409801006E1,-1.565411568E0,1.533922195E0,-6.595677137E-1,2.288768282E0
1.411753975E1,-2.057148933E0,2.398283958E0,-1.278798938E0,3.408658740E0
1.413706949E1,-2.609484434E0,2.934066772E0,-1.706505775E0,4.281392157E0
1.415659918E1,-2.835604906E0,5.853434563E0,-1.506267905E0,6.676241036E0
1.417611527E1,-4.209640980E0,9.443052292E0,-1.909161091E0,1.051366776E1
1.419565855E1,-5.521190166E0,5.145714760E0,-1.898813725E0,7.782506974E0
1.421518824E1,-3.757437944E0,7.800931931E-1,-3.587707281E-1,3.854296529E0
1.423470434E1,1.863954544E0,-2.049860477E0,2.231114388E0,3.557263826E0
1.425424767E1,6.963225842E0,-2.437851906E0,3.982268095E0,8.383799569E0
1.427377736E1,1.639733315E-1,4.429025650E-1,4.360427856E-1,6.427933155E-1
1.429329345E1,-1.225854588E1,-2.985283375E0,-1.038833380E0,1.265950388E1
1.431283673E1,-1.084265137E1,-3.039920330E0,-1.493932724E0,1.135940312E1
1.433236642E1,-2.051363230E0,-1.877186775E0,-7.018209100E-1,2.867834353E0
1.435188251E1,-3.022360802E-1,-1.807275295E0,-2.013283968E-2,1.832483553E0
1.437142579E1,-4.390079498E0,-1.987925529E0,-8.671696186E-1,4.896593618E0
1.439095553E1,-5.776262283E0,-1.808543682E0,-9.870756865E-1,6.132728155E0
1.441047158E1,-2.687167406E0,-1.106632233E0,-7.318837047E-1,2.996857909E0
1.443001491E1,-3.109459877E-1,-8.618564606E-1,-7.066119909E-1,1.157058543E0
1.444954460E1,-6.760635376E-1,-7.999525070E-1,-1.100523829E0,1.519255943E0
1.446907428E1,-4.172425270E-1,-3.552818298E-1,-1.217594862E0,1.335235467E0
1.448860397E1,1.580767632E0,1.620321274E-1,-6.282942891E-1,1.708752302E0
1.450813366E1,2.911414862E0,5.337514877E-1,-2.804515362E-1,2.973193605E0
1.452766335E1,2.653159618E0,9.339895248E-1,-6.770007312E-2,2.813569920E0
1.454719303E1,2.077845335E0,1.215938568E0,7.279586196E-1,2.515128543E0
1.456672272E1,2.900397062E0,1.466577530E0,1.562349081E0,3.606118054E0
1.458625241E1,4.388649940E0,1.616279602E0,1.215659618E0,4.832228923E0
1.460578210E1,5.866335869E0,1.027100563E0,1.276510715E0,6.090838341E0
1.462531178E1,8.249161720E0,4.256668091E-1,1.314704776E0,8.364108438E0
1.464482788E1,9.122506142E0,-7.444839478E-1,1.480517745E0,9.271801737E0
1.466437116E1,9.060072899E0,-2.139378071E0,1.103754520E0,9.374440437E0
1.468390085E1,1.203155613E1,1.315280914E0,-2.018325806E0,1.227036861E1
1.470341694E1,1.499746919E0,8.669429779E0,-1.899801373E0,9.000972102E0
1.472296022E1,-1.326298141E1,3.290767670E-1,1.259130836E0,1.332667918E1
1.474248991E1,-4.012074471E0,-2.657163143E0,-2.516768456E0,5.430596743E0
1.476200600E1,9.439131737E0,-2.701520920E-1,2.875336170E0,9.871056083E0
1.478154928E1,6.074450016E0,-7.932348251E-1,1.529120207E0,6.313982348E0
1.480107897E1,-1.316962957E0,3.667306900E-1,-1.334306955E0,1.910303086E0
1.482059506E1,-3.172834396E0,1.033100128E0,-1.427777052E0,3.629424375E0
1.484013835E1,1.246619225E-2,2.005901337E-1,3.015618920E-1,3.623967196E-1
1.485966803E1,1.480413675E0,-1.233472824E-1,1.121787548E0,1.861517259E0
1.487919772E1,-3.130121827E-1,-4.095220566E-1,8.576284647E-1,1.000605579E0
1.489872741E1,-3.395166993E-1,-1.109008789E-1,1.678514481E-1,3.946450338E-1
1.491825704E1,6.814810038E-1,2.793035507E-1,-1.803773642E-1,7.582630318E-1
1.493778673E1,4.422907829E-1,3.208675385E-1,-1.818353534E-1,5.758829826E-1
1.495731642E1,-2.659671307E-1,7.109832764E-2,1.397812366E-2,2.756607965E-1
1.497684611E1,-2.656679153E-1,-1.560134888E-1,2.155024409E-1,3.759799888E-1
1.499637579E1,-5.683660507E-2,-1.672716141E-1,4.536463022E-1,4.868317575E-1
1.501590548E1,-4.695609808E-1,-1.127843857E-1,3.266215324E-1,5.830003926E-1
1.503543517E1,-8.879626989E-1,5.211639404E-2,1.178054214E-1,8.972580401E-1
1.505496486E1,-5.535770655E-1,1.729698181E-1,-7.448875904E-2,5.847347267E-1
1.507449454E1,-3.863281012E-1,2.436695099E-1,-1.977963448E-1,4.977425296E-1
1.509402423E1,-8.335262537E-1,2.491989136E-1,-1.537348032E-1,8.834593957E-1
1.511355392E1,-9.181861877E-1,1.580419540E-1,-2.141225338E-2,9.319343427E-1
1.513308361E1,-4.272749424E-1,2.149000168E-1,1.203187108E-1,4.931759177E-1
1.515261324E1,-4.959719181E-1,7.790670395E-1,-1.386070251E-1,9.338873074E-1
1.517214293E1,-1.158337951E0,1.576310158E0,-6.789238453E-1,2.070612979E0
1.519167262E1,-1.881150246E0,2.336946487E0,-1.165052414E0,3.218290270E0
1.521120230E1,-3.022731304E0,3.806373596E0,-1.638597012E0,5.129364937E0
1.523071840E1,-4.935547352E0,7.357050896E0,-1.741761804E0,9.028818291E0
1.525026168E1,-6.627063751E0,1.233128548E1,-3.119855404E0,1.434266618E1
1.526979137E1,-6.554280281E0,5.258272171E0,-2.722431660E0,8.832873279E0
1.528930746E1,-2.426344395E0,-6.550507545E-1,-4.349327087E-1,2.550569559E0
1.530885069E1,5.635682106E0,-3.590004921E0,3.184920788E0,7.402213761E0
1.532838038E1,4.170267582E0,2.974205017E-1,2.026623964E0,4.646159204E0
1.534789647E1,-1.183404350E1,-2.065999508E0,-1.148337364E0,1.206779260E1
1.536743975E1,-1.416547775E1,-2.667142391E0,-1.962116718E0,1.454731283E1
1.538696944E1,-4.332786560E0,-1.976620197E0,-1.096751094E0,4.887016446E0
1.540648548E1,1.014176846E0,-2.014983654E0,8.418121934E-1,2.407771079E0
1.542602876E1,-3.262823105E0,-2.355796814E0,1.431909800E-1,4.026946349E0
1.544555845E1,-6.323121548E0,-2.399535179E0,-2.207045853E-1,6.766708631E0
1.546507449E1,-3.702387094E0,-1.628141880E0,1.521121264E-1,4.047425636E0
1.548461777E1,-2.535750866E-1,-1.130928516E0,2.440958619E-1,1.184433377E0
1.550414746E1,3.255226612E-1,-9.830255508E-1,3.977321088E-1,1.109276822E0
1.552367715E1,8.050377369E-1,-7.162895203E-1,3.223219216E-1,1.124743462E0
1.554320684E1,3.167470455E0,-3.057546616E-1,5.465187430E-1,3.228782702E0
1.556273647E1,4.872392178E0,1.239652634E-1,8.248282671E-1,4.943269625E0
1.558226616E1,4.479962826E0,1.168260574E-1,8.103516102E-1,4.554161282E0
1.560179585E1,3.961512089E0,4.838438034E-1,1.020247817E0,4.119294656E0
1.562132548E1,4.842060089E0,9.903049469E-1,1.584773779E0,5.190159701E0
1.564085517E1,6.619270325E0,1.222074509E0,1.673768044E0,6.936116002E0
1.566038486E1,7.943338394E0,1.817140579E-1,1.959602833E0,8.183500969E0
1.567991449E1,9.531039238E0,-7.094097137E-1,2.266897440E0,9.822565607E0
1.569943059E1,1.288500500E1,-1.200348854E0,1.961238146E0,1.308856930E1
1.571897381E1,1.328348827E1,7.614990234E0,-5.270017147E0,1.619296816E1
1.573850350E1,-5.608252048E0,5.781809807E0,-5.855765939E-1,8.076181996E0
1.575801960E1,-1.487384605E1,-4.039017677E0,-2.020389080E0,1.554435371E1
1.577756282E1,2.098619699E0,-1.644837379E0,1.710642457E0,3.167963425E0
1.579709251E1,9.675705910E0,-5.155220032E-1,2.115962982E0,9.917779345E0
1.581660855E1,2.752966881E0,2.711200714E-2,-4.803134799E-1,2.794684731E0
1.583615184E1,-2.276232243E0,1.702546120E0,-1.155636191E0,3.068450997E0
1.585568152E1,-2.797948837E0,8.071613312E-2,-9.086191654E-2,2.800587202E0
1.587519756E1,7.702615261E-1,-4.098167419E-1,9.703634977E-1,1.304935975E0
1.589474085E1,1.442059278E0,-4.021644592E-1,9.268004894E-1,1.760747103E0
1.591427053E1,1.705802679E-1,-9.739017487E-2,-2.221381664E-2,1.976763203E-1
1.593380017E1,-2.062532902E-1,5.370798111E-1,-4.343235493E-1,7.208551093E-1
1.595332986E1,1.761531830E-2,2.723932266E-1,-4.703098536E-2,2.769842648E-1
1.597285954E1,3.105026484E-1,-1.433687210E-1,3.601074815E-1,4.966325433E-1
1.599238918E1,2.248597145E-2,-4.524278641E-1,5.846691728E-1,7.396178964E-1
1.601191887E1,-1.948404312E-2,-2.389116287E-1,4.187024832E-1,4.824626034E-1
1.603144850E1,-9.155929089E-2,1.118202209E-1,9.492099285E-2,1.729070862E-1
1.605097819E1,-2.244243622E-1,2.167825699E-1,-1.140651703E-1,3.322225760E-1
1.607050782E1,-3.326587677E-1,2.724227905E-1,-6.752908230E-2,4.352427018E-1
1.609003751E1,-7.654707432E-1,2.925319672E-1,-6.694984436E-2,8.221938288E-1
1.610956720E1,-8.312356472E-1,2.572021484E-1,-1.283825040E-1,8.795383526E-1
1.612909684E1,-7.891227007E-1,6.080932617E-1,-6.754690409E-2,9.985262320E-1
1.614862652E1,-1.405440331E0,1.126299858E0,-2.943360806E-1,1.824951402E0
1.616815616E1,-2.118773222E0,1.781353951E0,-6.442254782E-1,2.842085208E0
1.618768585E1,-2.651253700E0,2.800894737E0,-1.127887487E0,4.018244355E0
1.620721548E1,-3.291645050E0,5.884727478E0,-1.374772549E0,6.881492875E0
1.622673158E1,-5.192654610E0,9.684967995E0,-1.909486532E0,1.115385161E1
1.624627480E1,-6.251116753E0,6.648760796E0,-2.080149412E0,9.359994784E0
1.626580449E1,-4.235229015E0,2.527603149E0,-8.999710083E-1,5.013570615E0
1.628532053E1,6.994848251E-1,-8.762736320E-1,1.973949075E0,2.270156261E0
1.630486381E1,6.454936981E0,-1.659660816E0,3.334479809E0,7.452478853E0
1.632439345E1,-4.250823975E0,-9.200062752E-1,3.487879634E-1,4.363206281E0
1.634390954E1,-1.365945625E1,-2.570503712E0,-1.732365370E0,1.400675995E1
1.636345277E1,-8.618705750E0,-2.414742947E0,-1.635644674E0,9.098813428E0
1.638298246E1,-1.425499916E-1,-2.112509251E0,-1.485447884E-1,2.122517700E0
1.640251210E1,-1.510932922E0,-2.650152683E0,3.769978881E-1,3.073817650E0
1.642204173E1,-6.205375671E0,-2.866370678E0,-4.484272301E-1,6.850098909E0
1.644157142E1,-5.487030029E0,-1.719229698E0,-4.599231184E-1,5.768429472E0
1.646108746E1,-1.056019306E0,-5.527181625E-1,-2.104477286E-1,1.210356307E0
1.648063074E1,5.279312134E-1,-2.714605331E-1,-1.613179743E-1,6.151631295E-1
1.650016038E1,-2.020366192E-1,-5.378913879E-2,-3.748275638E-1,4.291943260E-1
1.651967642E1,1.173837900E0,5.563097000E-1,3.942422569E-2,1.299588461E0
1.653921970E1,3.441766262E0,9.034357071E-1,5.781627893E-1,3.605027502E0
1.655874934E1,3.608676195E0,6.825437546E-1,8.697172999E-1,3.774230788E0
1.657827897E1,3.173921108E0,2.588863373E-1,1.147209525E0,3.384802362E0
1.659780866E1,4.931115150E0,4.879570007E-1,1.251596332E0,5.110821073E0
1.661733829E1,7.015827179E0,4.892444611E-1,9.780657291E-1,7.100549536E0
1.663686793E1,7.407455921E0,-4.619741440E-1,8.435608745E-1,7.469633076E0
1.665639756E1,8.184610367E0,-1.360547066E0,8.806664348E-1,8.343530940E0
1.667592725E1,9.647922516E0,-2.107880592E0,5.144264102E-1,9.888892961E0
1.669544329E1,9.420509338E0,-3.315582752E0,4.361749589E-1,9.996466064E0
1.671498652E1,1.035649490E1,3.857236862E0,-1.379799962E0,1.113728472E1
1.673451621E1,-1.403102040E0,1.448134804E1,-9.647796750E-1,1.458111574E1
1.675403225E1,-1.651072311E1,-3.752254963E0,-4.017186642E0,1.740175806E1
1.677357548E1,-1.650527120E-1,-4.356287479E0,6.288076639E-1,4.404529723E0
1.679310512E1,1.182443142E1,5.964069366E-1,2.896265030E0,1.218856968E1
1.681262116E1,4.404780865E0,-7.082567215E-1,-1.877186894E-1,4.465306300E0
1.683216444E1,-2.122052670E0,7.879848480E-1,-1.181672096E0,2.553502809E0
1.685169408E1,-3.504061699E0,1.069183350E0,-9.089156389E-1,3.774616413E0
1.687121012E1,2.438483238E-1,-8.232021332E-2,7.049487233E-1,7.504607418E-1
1.689075340E1,1.353473067E0,-1.767320633E-1,9.500933886E-1,1.663069756E0
1.691028303E1,-2.179913521E-1,-1.442441940E-1,3.192318678E-1,4.125961736E-1
1.692981267E1,-5.570263267E-1,1.606340408E-1,-2.408679128E-1,6.277730283E-1
1.694934230E1,2.933279276E-1,3.988533020E-1,-2.225154042E-1,5.428059826E-1
1.696887199E1,3.706426620E-1,2.594785690E-1,1.009480357E-1,4.635683516E-1
1.698840163E1,-5.184820890E-1,-4.417324066E-2,2.435755134E-1,5.745467627E-1
1.700793126E1,-5.369256735E-1,-3.651638031E-1,1.256279945E-1,6.613744590E-1
1.702746090E1,1.969692707E-1,-4.288473129E-1,1.748399138E-1,5.032652451E-1
1.704699053E1,2.101116180E-1,-2.173995972E-1,2.356403470E-1,3.833221231E-1
1.706652022E1,-4.229073524E-1,-5.547904968E-2,1.268967986E-1,4.450071361E-1
1.708604986E1,-1.000214219E0,2.461519241E-1,-1.144320965E-1,1.036394692E0
1.710557949E1,-1.106366158E0,3.848447800E-1,-4.206062257E-1,1.244612862E0
1.712510913E1,-1.191105723E0,7.877044678E-1,-2.972846329E-1,1.458625835E0
1.714463876E1,-2.073615074E0,1.821469307E0,-4.388684034E-1,2.794679836E0
1.716415480E1,-3.606864452E0,3.644019127E0,-1.344274759E0,5.300511410E0
1.718369808E1,-4.898872375E0,7.767341614E0,-1.966296077E0,9.391318680E0
1.720322772E1,-5.251751900E0,1.208313465E1,-2.491097927E0,1.340852751E1
1.722274376E1,-4.966362000E0,5.385435104E0,-2.117029667E0,7.625580462E0
1.724228699E1,-2.585263252E0,-2.553882599E-1,1.347823143E-1,2.601341100E0
1.726181663E1,4.345293522E0,-3.094922543E0,3.496559858E0,6.378561921E0
1.728133267E1,1.280777454E0,-2.042398453E-1,1.950956345E0,2.342719672E0
1.730087590E1,-1.111823559E1,-1.190531254E0,-1.092206955E0,1.123500971E1
1.732040558E1,-1.068150330E1,-2.635118008E0,-1.559110403E0,1.111166886E1
1.733992163E1,-2.102704525E0,-2.218108654E0,2.114284635E-1,3.063670073E0
1.735946486E1,-7.943654060E-1,-2.522468090E0,5.148587227E-1,2.694242225E0
1.737899449E1,-4.804603577E0,-2.687621117E0,-1.231312752E-1,5.506603682E0
1.739852413E1,-4.376969337E0,-1.864499569E0,-3.294025064E-1,4.768933344E0
1.741805376E1,-8.446562290E-1,-1.095154285E0,-1.719864011E-1,1.393695224E0
1.743758340E1,-4.708676338E-1,-9.157876968E-1,-5.231645703E-2,1.031077323E0
1.745711303E1,-9.486947060E-1,-7.589006424E-1,-2.983670831E-1,1.250989507E0
1.747664267E1,3.836293221E-1,-2.352418900E-1,-2.791234851E-1,5.295470928E-1
1.749617230E1,2.132423878E0,2.519559860E-1,-7.112710923E-2,2.148434891E0
1.751570194E1,2.554213762E0,2.442808151E-1,4.953554273E-2,2.566346592E0
1.753523158E1,2.505401611E0,3.434181213E-3,7.277400494E-1,2.608956613E0
1.755476121E1,3.593553543E0,5.473794937E-1,1.425974607E0,3.904696526E0
1.757429085E1,4.601758003E0,1.085545540E0,1.153334022E0,4.866699621E0
1.759382048E1,6.124757290E0,6.723947525E-1,1.147558212E0,6.267507991E0
1.761335012E1,7.787843704E0,1.351556778E-1,1.737199903E0,7.980390975E0
1.763287975E1,8.159890175E0,-1.977167130E-1,1.695750237E0,8.336574142E0
1.765240939E1,7.353774071E0,-1.166577339E0,1.866446257E0,7.676100403E0
1.767193902E1,8.435954094E0,-2.401269436E0,1.612458348E0,8.918040048E0
1.769145506E1,9.011012077E0,-8.840370178E-1,-3.402888775E0,9.672616612E0
1.771099829E1,2.178733826E0,5.508460045E0,-3.987140656E0,7.140539458E0
1.773052793E1,-7.469168663E0,7.320643425E0,1.376668811E-1,1.045940978E1
1.775004397E1,-8.498037338E0,-3.743956089E0,-3.738929510E0,1.001066630E1
1.776958720E1,6.968218803E0,-3.473424911E-1,1.597621679E0,7.157451720E0
1.778911684E1,7.350768089E0,-1.145972252E0,2.743206978E0,7.929200996E0
1.780863288E1,-1.932189465E-1,-2.376432419E-1,-1.291444898E-1,3.323946012E-1
1.782817611E1,-3.271788597E0,1.202546120E0,-1.003623962E0,3.627392845E0
1.784770574E1,-8.268910646E-1,1.366405487E-1,-6.351608038E-1,1.051593419E0
1.786722178E1,1.763636351E0,2.101955414E-1,7.605744004E-1,1.932115100E0
1.788676501E1,-2.896285057E-2,-6.155204773E-2,1.265009403E0,1.266837121E0
1.790629465E1,-1.849946976E0,-1.863670349E-1,3.792765737E-1,1.897600380E0
1.792581069E1,-1.452245712E-1,5.121135712E-2,-6.355047226E-2,1.665876397E-1
1.794535392E1,1.526748180E0,2.523374557E-1,1.233506799E-1,1.552369024E0
1.796488355E1,1.507445574E-1,1.858749390E-1,7.131141424E-2,2.497173048E-1
1.798441319E1,-1.292346954E0,1.240024567E-1,1.684051752E-2,1.298391645E0
1.800394283E1,-7.725275159E-1,-5.141925812E-2,3.413856030E-3,7.742443783E-1
1.802347246E1,1.570048332E-1,-5.197715759E-2,1.021206379E-2,1.656998154E-1
1.804300210E1,-9.495341778E-2,-1.033105850E-1,1.308915615E-1,1.918901493E-1
1.806253173E1,-6.047689915E-1,-1.377401352E-1,1.145676374E-1,6.307484613E-1
1.808206137E1,-9.279676676E-1,2.047319412E-1,-1.781014204E-1,9.668294967E-1
1.810159100E1,-8.565006256E-1,5.425176620E-1,-5.067733526E-1,1.133462821E0
1.812112064E1,-8.809502125E-1,9.105062485E-1,-7.573799491E-1,1.476048540E0
1.814065027E1,-1.319865465E0,1.494227409E0,-8.262987733E-1,2.158131150E0
1.816016631E1,-1.818038821E0,2.546255112E0,-7.273535132E-1,3.212121321E0
1.817970954E1,-2.663628578E0,6.224328995E0,-1.153519988E0,6.867881551E0
1.819923918E1,-4.806925774E0,8.725778580E0,-1.992172718E0,1.015945369E1
1.821875522E1,-5.070272446E0,4.506966591E0,-2.096142530E0,7.100297461E0
1.823829845E1,-2.762180328E0,2.110762596E0,-1.186790943E0,3.673340666E0
1.825782808E1,2.108507156E-1,-5.690841675E-1,1.010508299E0,1.178745874E0
1.827734413E1,3.089006901E0,-1.751391888E0,2.681770325E0,4.449857217E0
1.829688736E1,-5.309992313E0,-9.077610970E-1,3.974207044E-1,5.401665650E0
1.831641699E1,-1.475216293E1,-2.986076355E0,-2.175494909E0,1.520775267E1
1.833593303E1,-9.278495789E0,-1.940719128E0,-2.110182762E0,9.711320514E0
1.835547626E1,-7.911019325E-1,-9.464001656E-1,-1.299412847E-1,1.240322651E0
1.837500590E1,-1.546195269E0,-9.135551453E-1,9.521508217E-2,1.798435076E0
1.839452194E1,-6.088401794E0,-1.309745789E0,-3.812066615E-1,6.239342029E0
1.841406517E1,-4.943285942E0,-5.575590134E-1,-2.509911060E-1,4.980958190E0
1.843359480E1,-4.681153297E-1,2.761182785E-1,-1.595228910E-1,5.664104682E-1
1.845311085E1,1.244534254E0,3.973836899E-1,-1.547819376E-1,1.315574686E0
1.847265408E1,1.394036531E0,7.073488235E-1,-4.351761937E-1,1.622670185E0
1.849218371E1,2.969186306E0,8.804731369E-1,-2.230210602E-1,3.105002199E0
1.851169970E1,4.924690247E0,7.272930145E-1,4.560006857E-1,4.998946467E0
1.853124293E1,4.666259766E0,3.733797073E-1,7.276931405E-1,4.737396955E0
1.855077256E1,4.046782494E0,-1.008653641E-1,1.572574735E0,4.342765670E0
1.857028861E1,6.156680107E0,-2.939891815E-1,2.003703833E0,6.481201172E0
1.858983184E1,8.241183281E0,-6.531877518E-1,2.129952192E0,8.537004888E0
1.860936147E1,7.793630600E0,-1.931890965E0,1.890198588E0,8.248983654E0
1.862887751E1,7.835457802E0,-2.921134472E0,1.155881524E0,8.441770411E0
1.864842074E1,8.745344162E0,-4.235404491E0,1.997826219E0,9.920232120E0
1.866795038E1,1.356468678E1,3.758204460E0,-5.106578469E-1,1.408494230E1
1.868746642E1,2.319205761E0,1.534426689E1,-2.324054241E0,1.569160508E1
1.870700965E1,-1.807961273E1,-4.951506615E0,-2.707774878E0,1.893995404E1
1.872653928E1,-1.983429313E0,-4.947533131E0,-1.050693870E0,5.432866051E0
1.874605527E1,1.202100563E1,1.578661919E0,2.317120552E0,1.234365414E1
1.876559850E1,4.750266552E0,5.862836838E-1,-6.075047255E-1,4.824709614E0
1.878512814E1,-2.606226444E0,6.966133118E-1,-6.971883774E-1,2.786352099E0
1.880464418E1,-4.471194267E0,3.451061249E-1,1.145243645E-2,4.484507506E0
1.882418741E1,1.840392351E-1,-2.820501328E-1,1.540904522E0,1.577279133E0
1.884371704E1,2.075003624E0,-4.903955460E-1,1.335044146E0,2.515645186E0
1.886324668E1,3.430511951E-1,1.016864777E-1,4.814600945E-2,3.610295008E-1
1.888277631E1,-7.125420570E-1,5.884370804E-1,-7.273851633E-1,1.176037226E0
1.890230595E1,1.724042892E-1,3.960752487E-1,-3.819690049E-1,5.766274033E-1
1.892183558E1,3.488831520E-1,1.976442337E-1,2.463006377E-1,4.705812374E-1
1.894136522E1,-2.293968201E-1,-3.112659454E-1,4.277692437E-1,5.766245882E-1
1.896089486E1,1.196334362E-1,-3.638391495E-1,3.073032498E-1,4.910462026E-1
1.898042449E1,4.250235558E-1,-2.827358246E-1,7.568502426E-2,5.160550284E-1
1.899995413E1,7.234287262E-2,4.223346710E-2,1.109772921E-2,8.450039382E-2
1.901948371E1,-8.389506340E-1,3.013648987E-1,1.738896370E-1,9.082381705E-1
1.903901335E1,-1.325217962E0,2.831420898E-1,-7.993668318E-2,1.357483688E0
1.905854298E1,-6.997799873E-1,4.288206100E-1,-3.309859931E-1,8.849468198E-1
1.907807262E1,-4.929974079E-1,9.442873001E-1,-3.565791547E-1,1.123331493E0
1.909760225E1,-1.295052290E0,1.627081871E0,-6.860709190E-1,2.189805734E0
1.911713189E1,-2.131785154E0,2.299227715E0,-8.908177018E-1,3.259526377E0
1.913666152E1,-3.265912294E0,5.128928185E0,-9.315555692E-1,6.151413107E0
1.915617756E1,-4.858919621E0,8.567582130E0,-1.354964972E0,9.942257969E0
1.917572079E1,-5.639501095E0,6.014798164E0,-1.557159424E0,8.390859016E0
1.919525043E1,-3.980520248E0,2.448282242E0,-3.562473953E-1,4.686740828E0
1.921476642E1,-3.191776276E-1,-7.472796440E-1,1.685148478E0,1.870835807E0
1.923430965E1,3.685716152E0,-1.159816265E0,3.099977255E0,4.953739628E0
1.925383928E1,-6.237916470E0,-2.229280472E-1,2.579799891E-1,6.247227583E0
1.927335532E1,-1.309707737E1,-1.228683472E0,-1.995163441E0,1.330502822E1
1.929289855E1,-5.390212536E0,-1.073345184E0,-1.649958134E0,5.738364132E0
1.931242819E1,1.388910294E0,-9.426798820E-1,4.568542838E-1,1.739664623E0
1.933194418E1,-3.525465488E0,-2.010535240E0,-3.022949398E-1,4.069710198E0
1.935148746E1,-7.362509727E0,-1.904214859E0,-9.220846891E-1,7.660471519E0
1.937101704E1,-4.770077705E0,-9.593777657E-1,-8.847397566E-1,4.945382842E0
1.939053308E1,-5.119168758E-1,-5.027799606E-1,-5.038488507E-1,8.767612223E-1
1.941007631E1,-1.424477100E-1,-6.764850616E-1,-1.831838787E-1,7.151781052E-1
1.942960595E1,-7.094478607E-1,-5.971860886E-1,-2.036620378E-1,9.494344196E-1
1.944912194E1,8.829319477E-1,-4.112501144E-1,-1.128395796E-1,9.805244778E-1
1.946866517E1,2.875258684E0,-5.674219131E-1,-8.665472269E-2,2.931994060E0
1.948819480E1,3.772393703E0,-5.418424606E-1,2.644709945E-1,3.820273866E0
1.950772444E1,4.195426941E0,5.164813995E-2,6.623787880E-1,4.247707665E0
1.952725408E1,5.022230148E0,5.004997253E-1,1.343504310E0,5.222863148E0
1.954678366E1,6.613342762E0,3.006649017E-1,2.325666904E0,7.016796165E0
1.956629970E1,8.004131317E0,4.530429840E-2,2.941483021E0,8.527631147E0
1.958584293E1,8.623651505E0,-4.444322586E-1,3.466336012E0,9.304857369E0
1.960537251E1,1.406630802E1,-4.970464706E-1,4.336513519E0,1.472798106E1
1.962488855E1,1.921848297E1,6.525007248E0,-8.457592010E0,2.198764812E1
1.964443178E1,-2.952259541E0,-7.897186279E-2,-7.239948511E-1,3.040763308E0
1.966396142E1,-1.524295139E1,5.528430939E-1,-1.090600371E0,1.529191328E1
1.968347741E1,-2.863783836E0,-1.298446655E0,1.401555419E0,3.442612260E0
1.970302064E1,8.083745956E0,-1.401526451E0,6.611500978E-1,8.230938254E0
1.972255027E1,5.288719654E0,4.627351761E-1,4.147295356E-1,5.325099061E0
1.974206626E1,-3.774021864E-1,1.403971672E0,-5.975931287E-1,1.571841727E0
1.976160949E1,-2.600618839E0,1.351509094E-1,3.221093416E-1,2.623973808E0
1.978113913E1,2.709243298E-1,-5.005378723E-1,1.260020494E0,1.382602546E0
1.980066876E1,1.884775639E0,-5.468673706E-1,1.126337767E0,2.262759354E0
1.982019835E1,4.242155552E-1,1.833162308E-1,4.070323706E-2,4.639185610E-1
1.983972798E1,-2.963500023E-1,6.568117142E-1,-6.171745062E-1,9.487514547E-1
1.985925762E1,4.895589352E-1,4.599313736E-1,-2.413859367E-1,7.137730661E-1
1.987878725E1,5.728652477E-1,-1.644163132E-1,4.262307286E-1,7.327209224E-1
1.989831684E1,-1.863377094E-1,-3.241529465E-1,6.235094666E-1,7.270219595E-1
1.991784647E1,-3.182375431E-1,-2.690134048E-1,5.511180758E-1,6.909229185E-1
1.993737611E1,6.803822517E-2,-3.517856598E-1,2.374570966E-1,4.298467439E-1
1.995690569E1,3.018689156E-2,-1.092281342E-1,-1.474617124E-1,1.859757789E-1
1.997643532E1,-3.439993858E-1,2.639627457E-1,-5.160530806E-1,6.740346360E-1
1.999596496E1,-6.031653881E-1,5.343246460E-1,-5.220160484E-1,9.601104455E-1
2.001549454E1,-1.189036131E0,1.078414917E0,-3.773567677E-1,1.648994780E0
2.003501059E1,-2.198657274E0,1.893912315E0,-3.051684797E-1,2.917897440E0
2.005455381E1,-2.964006901E0,3.246617317E0,-9.101229310E-1,4.489341228E0
2.007408340E1,-3.366717100E0,5.351435661E0,-1.344591498E0,6.463789443E0
2.009359944E1,-3.846186399E0,7.032399178E0,-1.633081913E0,8.180143308E0
2.011314267E1,-4.594254017E0,4.959402084E0,-1.663853168E0,6.962129442E0
2.013267225E1,-3.812553883E0,3.803891182E0,-7.518415451E-1,5.437869154E0
2.015218829E1,-1.431076765E0,1.204298973E0,1.190251946E0,2.216983631E0
2.017173147E1,2.555768490E0,-1.032982349E0,3.040115118E0,4.103815912E0
2.019126111E1,-1.134392738E0,8.104858398E-1,1.120150685E0,1.788427169E0
2.021077710E1,-1.071114540E1,-8.280897141E-1,-7.656595707E-1,1.077035761E1
2.023032032E1,-9.738479614E0,-1.619110584E0,-1.291545868E0,9.956284197E0
2.024984996E1,-3.749305010E0,-1.691903114E0,-8.667350411E-1,4.203695260E0
2.026937954E1,-2.812086821E0,-2.072050095E0,-4.315086901E-1,3.519577195E0
2.028890918E1,-5.170765400E0,-2.314025879E0,-9.963916540E-1,5.751897680E0
2.030843876E1,-4.914979935E0,-1.560535908E0,-1.207760811E0,5.296318179E0
2.032795480E1,-2.174063444E0,-9.052376747E-1,-1.239234209E0,2.661147973E0
2.034749798E1,-4.422612190E-1,-8.346281052E-1,-9.097635746E-1,1.311437693E0
2.036702762E1,4.591941833E-4,-8.202800751E-1,-9.338551760E-1,1.242958206E0
2.038655725E1,8.038802147E-1,-4.146976471E-1,-7.200983763E-1,1.156174385E0
2.040608684E1,1.821168661E0,-6.882572174E-2,-5.196249485E-1,1.895099564E0
2.042561642E1,2.687366486E0,3.596258163E-1,-5.166976899E-2,2.711814728E0
2.044514605E1,3.208932400E0,7.039680481E-1,6.722049117E-1,3.353308456E0
2.046467564E1,3.475470304E0,7.538814545E-1,1.568793535E0,3.886945361E0
2.048420527E1,4.108750343E0,8.208761215E-1,2.029027700E0,4.655386171E0
2.050373486E1,5.397730350E0,6.312961578E-1,2.231275797E0,5.874744204E0
2.052326449E1,6.107804775E0,-2.781972885E-1,2.171811581E0,6.488408005E0
2.054279408E1,6.821611404E0,-1.325046539E0,2.573803663E0,7.410438299E0
2.056231006E1,8.924508095E0,-1.332339287E0,2.068305969E0,9.257422011E0
2.058185329E1,9.894365311E0,-2.787045956E0,1.658169985E0,1.041228206E1
2.060138288E1,1.714455605E1,5.112973213E0,-5.335062027E0,1.866925772E1
2.062089887E1,1.309154391E0,7.796497345E0,-5.321012735E-1,7.923533797E0
2.064044210E1,-1.555315113E1,-2.228243351E0,-2.300455332E0,1.587947333E1
2.065997168E1,-2.735215664E0,-3.274066925E0,-4.632863402E-2,4.266505045E0
2.067948772E1,9.084167480E0,-2.186384201E-1,8.208063841E-1,9.123794424E0
2.069903090E1,5.203580379E0,8.078403473E-1,6.073704362E-1,5.300825751E0
2.071856053E1,-1.783493996E0,1.035570145E0,-7.907326818E-1,2.208735958E0
2.073807652E1,-3.486449480E0,2.255468369E-1,-3.159889281E-1,3.507998055E0
2.075761970E1,7.480505705E-1,-2.013778687E-2,8.133714795E-1,1.105241309E0
2.077714934E1,2.215877056E0,3.143787384E-2,8.148573637E-1,2.361163271E0
2.079667892E1,4.210422039E-1,1.747503281E-1,-1.057037711E-1,4.679610046E-1
2.081620855E1,-1.230499744E-1,5.429630280E-1,-1.995894909E-1,5.914271813E-1
2.083573814E1,3.348848820E-1,4.140987396E-1,1.578356624E-1,5.554617418E-1
2.085526772E1,3.363156319E-2,6.279087067E-2,1.418529153E-1,1.587325583E-1
2.087479736E1,-1.013708115E-2,-3.360786438E-1,2.553550601E-1,4.222058999E-1
2.089432694E1,3.813400269E-1,-3.662233353E-1,3.801237345E-1,6.511787780E-1
2.091385652E1,1.659631729E-1,-1.279830933E-1,3.493643999E-1,4.074051188E-1
2.093338616E1,-4.774343967E-1,-1.335973740E-1,9.467339516E-2,5.047325166E-1
2.095291574E1,-6.364464760E-1,1.392650604E-1,-2.711856365E-1,7.056915213E-1
2.097244533E1,-5.669727325E-1,2.217807770E-1,-5.597233772E-1,8.270036587E-1
2.099197496E1,-8.749127388E-1,8.255329132E-1,-6.947106719E-1,1.389100360E0
2.101150454E1,-1.689411640E0,1.903887749E0,-7.304546833E-1,2.648105794E0
2.103102053E1,-2.671206951E0,3.071549416E0,-1.190085888E0,4.240998327E0
2.105056376E1,-3.380587101E0,4.996965408E0,-1.555337429E0,6.230337628E0
2.107009335E1,-4.507215977E0,8.712078094E0,-1.504269838E0,9.923614681E0
2.108960934E1,-5.800763130E0,7.813735962E0,-1.706264019E0,9.880013131E0
2.110915251E1,-5.162484169E0,2.768469810E0,-3.937573433E-1,5.871176435E0
2.112868215E1,-6.459741592E-1,-1.884689331E-1,2.088120937E0,2.193866952E0
2.114819814E1,5.656241894E0,-2.833352089E-1,3.672819853E0,6.750033842E0
2.116774131E1,-5.293746948E0,6.332683563E-2,2.729954720E-1,5.301159644E0
2.118727090E1,-1.462836075E1,-1.890089512E0,-2.024278641E0,1.488821952E1
2.120678689E1,-8.118421555E0,-1.593951702E0,-1.819592118E0,8.471149039E0
2.122633012E1,-2.884697914E-1,-8.881025314E-1,-3.884226680E-1,1.011342225E0
2.124585970E1,-3.091403008E0,-1.635535717E0,-3.444454074E-1,3.514312490E0
2.126537569E1,-7.673544884E0,-2.025359631E0,-1.190011501E0,8.025054522E0
2.128491887E1,-6.518708229E0,-1.278844357E0,-1.251696587E0,6.759862736E0
2.130444850E1,-1.606617212E0,-7.567920685E-1,-1.154543281E0,2.118235891E0
2.132396444E1,8.939719200E-1,-7.330417633E-1,-9.475582838E-1,1.494791866E0
2.134350767E1,6.375863552E-1,-7.651720047E-1,-8.419686556E-1,1.304191617E0
2.136303725E1,1.370124102E0,-5.389394760E-1,-6.258909702E-1,1.599823528E0
2.138255324E1,3.361071587E0,-2.961912155E-1,-2.899160981E-1,3.386529609E0
2.140209642E1,5.429021835E0,3.689889908E-1,1.577099860E-1,5.443831684E0
2.142162600E1,6.427032471E0,8.037261963E-1,1.268970609E0,6.600227919E0
2.144115558E1,6.520288467E0,1.226453781E0,1.534856677E0,6.809855769E0
2.146068522E1,6.839657784E0,5.062694550E-1,2.020850182E0,7.149899497E0
2.148021480E1,8.793063164E0,-2.533569336E-1,2.536722422E0,9.155168496E0
2.149973074E1,1.148947906E1,-1.419994354E0,3.610315323E0,1.212678399E1
2.151927397E1,1.100363255E1,-1.933544636E0,3.547519684E0,1.172192049E1
2.153880355E1,1.148657322E1,-1.209297180E-1,-2.474636137E-1,1.148987496E1
2.155831954E1,5.596790791E0,1.145372486E1,-3.293838739E0,1.316667209E1
2.157786272E1,-1.404695511E1,2.327714920E0,-2.174145937E0,1.440354523E1
2.159739230E1,-6.206364632E0,-5.322963715E0,-1.296346784E0,8.278491386E0
2.161690829E1,1.109384346E1,-9.176063538E-1,1.062679172E0,1.118233657E1
2.163645147E1,6.409048080E0,7.148437500E-1,8.252932429E-1,6.501385069E0
2.165598105E1,-6.871602535E-1,1.013161659E0,-9.074089527E-1,1.523836202E0
2.167549704E1,-3.626646519E0,2.524433136E-1,-2.105881572E-1,3.641516164E0
2.169504022E1,-2.733644247E-1,-2.442731857E-1,1.013126135E0,1.077414527E0
2.171456980E1,1.766034961E0,-3.700599670E-1,1.104410648E0,2.115548804E0
2.173409939E1,2.509776354E-1,1.084327698E-3,2.835466862E-1,3.786682882E-1
2.175362897E1,-1.863992214E-2,-7.523727417E-2,-4.602622986E-2,9.014714614E-2
2.177315855E1,8.874744177E-1,1.952171326E-2,-3.662484884E-2,8.884443251E-1
2.179268814E1,5.492980480E-1,2.234411240E-1,9.204733372E-2,6.001058182E-1
2.181221772E1,-4.530040026E-1,-3.406524658E-2,1.786669493E-1,4.881546334E-1
2.183174730E1,-2.588785887E-1,-3.398351669E-1,4.700118899E-1,6.351513529E-1
2.185127689E1,2.617474794E-1,-3.365201950E-1,4.586887956E-1,6.262212036E-1
2.187080647E1,3.020614386E-1,-1.686029434E-1,2.124994397E-1,4.059853163E-1
2.189033605E1,1.576788425E-1,3.625869751E-3,-1.079553366E-2,1.580895565E-1
2.190986564E1,-2.689082623E-1,2.324934006E-1,-7.095938921E-2,3.624914754E-1
2.192939522E1,-9.353153706E-1,4.985046387E-1,-1.045858264E-1,1.065016391E0
2.194892480E1,-1.038032889E0,4.657392502E-1,-1.613783836E-1,1.149116318E0
2.196845439E1,-9.607535601E-1,7.820272446E-1,-7.019448280E-2,1.240782527E0
2.198798397E1,-1.441003680E0,9.646301270E-1,-1.285458207E-1,1.738829180E0
2.200751355E1,-1.701860189E0,1.142911911E0,-6.340509653E-1,2.145832325E0
2.202702954E1,-1.489821792E0,2.352232933E0,-8.932694197E-1,2.924123629E0
2.204657272E1,-2.358331680E0,5.724946976E0,-8.401392698E-1,6.248406211E0
2.206610230E1,-4.391650200E0,8.420298576E0,-1.924575090E0,9.689788897E0
2.208561829E1,-6.325577736E0,6.320225716E0,-2.178022146E0,9.203367170E0
2.210516147E1,-5.075719833E0,4.612648964E0,-1.587218165E0,7.039795721E0
2.212469105E1,-1.924391031E0,1.395434380E0,5.992369056E-1,2.451449126E0
2.214420704E1,2.967440605E0,-2.903122902E0,3.142839670E0,5.206848137E0
2.216375022E1,2.391477108E0,-1.925552368E0,2.183736801E0,3.767707671E0
2.218327980E1,-9.062668800E0,-2.467724323E0,-7.925522327E-1,9.426015498E0
2.220279574E1,-1.195023537E1,-2.348501682E0,-2.149206161E0,1.236699934E1
2.222233897E1,-4.756456852E0,-2.055899620E0,-1.064409256E0,5.289950103E0
2.224186850E1,-2.945919037E-1,-1.793982029E0,2.503563166E-1,1.835165986E0
2.226138449E1,-3.244506359E0,-2.057888508E0,-2.075952291E-2,3.842155330E0
2.228092767E1,-5.283499241E0,-1.748152256E0,-3.638164103E-1,5.577074764E0
2.230045725E1,-3.098793030E0,-7.226562500E-1,-4.914116263E-1,3.219663908E0
2.231997324E1,-3.460292816E-1,-1.548290253E-1,-1.406923831E-1,4.043545937E-1
2.233951642E1,5.248162746E-1,1.223773956E-1,2.471527457E-2,5.394619485E-1
2.235904595E1,1.360514879E0,7.198286057E-1,3.658180684E-2,1.539640278E0
2.237856194E1,2.667148829E0,7.697124481E-1,3.572031260E-1,2.798880883E0
2.239810512E1,4.094102383E0,4.229574203E-1,4.915687442E-1,4.145142595E0
2.241763470E1,5.163319588E0,2.683038712E-1,1.094106436E0,5.284782401E0
2.243715064E1,6.781731129E0,3.426647186E-2,1.564174175E0,6.959862940E0
2.245669381E1,7.932549477E0,-1.271276474E-1,1.293918133E0,8.038390807E0
2.247622340E1,6.835129261E0,-1.289151192E0,1.018260717E0,7.029776504E0
2.249573939E1,7.071745872E0,-2.030981064E0,7.567489147E-2,7.358002477E0
2.251528256E1,9.046240807E0,-3.101696014E0,5.230051279E-1,9.577500992E0
2.253481210E1,1.139776611E1,-3.272522449E0,2.026926994E0,1.203024973E1
2.255432808E1,1.047175407E1,4.381748199E0,-9.992527962E-1,1.139543140E1
2.257387126E1,-3.434200287E0,1.494528484E1,-2.777583361E0,1.558429466E1
2.259340079E1,-1.898525620E1,-4.076023579E0,-4.315081596E0,1.989155223E1
2.261291678E1,2.035886765E0,-4.504286289E0,8.582812548E-2,4.943763380E0
2.263245996E1,1.379437351E1,8.612527847E-1,3.007676601E0,1.414470274E1
2.265198954E1,3.421245098E0,6.546783447E-2,-5.293577313E-1,3.462574716E0
2.267150548E1,-3.875530243E0,3.330049515E-1,-7.684328556E-1,3.964986257E0
2.269104866E1,-3.465329647E0,4.081611633E-1,-2.975310385E-1,3.501946575E0
2.271057824E1,8.614110947E-1,5.140686035E-2,7.707625031E-1,1.157042167E0
2.273010782E1,1.010884762E0,-2.246189117E-2,9.786350727E-1,1.407167063E0
2.274963741E1,-4.230034351E-1,-1.422729492E-1,9.353703260E-2,4.559853887E-1
2.276916694E1,1.135432720E-1,1.354331970E-1,-2.254371941E-1,2.864544536E-1
2.278869652E1,6.688848734E-1,2.871589661E-1,-7.182854414E-2,7.314551151E-1
2.280822611E1,-1.081218719E-1,1.197147369E-2,1.583040357E-1,1.920776486E-1
2.282775569E1,-9.537434578E-2,-1.870794296E-1,1.545187235E-1,2.607125136E-1
2.284728522E1,5.234800577E-1,-2.865600586E-2,2.009542584E-1,5.614580585E-1
2.286681480E1,2.928099632E-1,-9.373283386E-2,2.673613429E-1,4.074378559E-1
2.288634439E1,-2.110426426E-1,-1.266098022E-1,1.001377702E-1,2.657002296E-1
2.290587392E1,-2.018835545E-1,-1.103849411E-1,-3.214865923E-2,2.323259372E-1
2.292540350E1,5.851984024E-2,6.897926331E-2,1.077652574E-1,1.406984760E-1
2.294493309E1,-2.129068375E-1,8.835029602E-2,1.173598766E-1,2.586666521E-1
2.296446267E1,-5.988228321E-1,3.093395233E-1,-3.171712160E-2,6.747486204E-1
2.298399220E1,-7.248406410E-1,9.458265305E-1,-1.851779222E-1,1.205932272E0
2.300352178E1,-1.207271218E0,1.351267815E0,-7.992743850E-1,1.980471672E0
2.302305137E1,-2.216861010E0,1.991796494E0,-1.117136240E0,3.182722009E0
2.304258090E1,-2.843138218E0,4.820618629E0,-6.826538444E-1,5.638068390E0
2.306211048E1,-3.915958643E0,8.268787384E0,-1.040741920E0,9.208187696E0
2.308162647E1,-4.852602482E0,5.358734131E0,-1.334782124E0,7.351559403E0
2.310116965E1,-4.010235786E0,3.601886749E0,-9.534181356E-1,5.473991721E0
2.312069918E1,-1.388510466E0,1.525595665E0,4.535151720E-1,2.112126762E0
2.314021517E1,2.487968445E0,-2.133020878E0,2.655064583E0,4.217716561E0
2.315975835E1,1.530704975E0,-7.659554482E-1,1.948096633E0,2.593226940E0
2.317928788E1,-8.289713860E0,-1.282349110E0,-4.850006104E-1,8.402321150E0
2.319880387E1,-9.100938797E0,-1.508513451E0,-9.924978018E-1,9.278348544E0
2.321834704E1,-3.219051600E0,-1.325870037E0,-1.112354398E-1,3.483187890E0
2.323787658E1,-2.471064568E0,-1.272598743E0,3.514329195E-1,2.801637513E0
2.325739256E1,-5.781305313E0,-1.780700684E0,-3.139397204E-1,6.057470115E0
2.327693574E1,-5.548278332E0,-1.441260815E0,-6.629796028E-1,5.770629700E0
2.329646527E1,-2.318876743E0,-9.092693329E-1,-8.238339424E-1,2.623482883E0
2.331598126E1,-1.904649734E-1,-7.406892776E-1,-7.099804282E-1,1.043537120E0
2.333552439E1,5.075836182E-2,-7.206726074E-1,-1.046510577E0,1.271664188E0
2.335505397E1,3.910527229E-1,-6.345596313E-1,-1.259516478E0,1.463547032E0
2.337458355E1,1.717426777E0,-6.277999878E-1,-1.182607889E0,2.177670539E0
2.339411308E1,2.756370306E0,-7.264928818E-1,-6.238839626E-1,2.917978816E0
2.341364267E1,3.512889147E0,-4.463529587E-1,-1.223286688E-1,3.543245042E0
2.343315861E1,4.514272213E0,4.844665527E-1,3.905129433E-1,4.556957517E0
2.345270178E1,6.019290924E0,1.503789902E0,4.389611483E-1,6.219801780E0
2.347223137E1,7.381100655E0,6.002588272E-1,9.319195151E-1,7.463875100E0
2.349174730E1,8.497256279E0,-2.781629562E-1,1.251911521E0,8.593487148E0
2.351129043E1,9.145538330E0,-1.221609116E0,2.172768116E0,9.479141389E0
2.353082001E1,9.921519279E0,-2.494183064E0,2.488731384E0,1.052859335E1
2.355033600E1,1.131037998E1,-2.876232624E0,2.102778196E0,1.185829185E1
2.356987913E1,5.725092411E0,4.833873749E0,1.595175624E0,7.660783498E0
2.358940871E1,-1.080736732E1,1.042968082E1,-2.150606871E0,1.517242698E1
2.360892465E1,-1.462892342E1,-4.601735115E0,-4.841040134E0,1.608157442E1
2.362846782E1,6.847792149E0,-1.702967644E0,-1.439033747E0,7.201609142E0
2.364799736E1,1.250096512E1,1.275552750E0,2.468044519E0,1.280595203E1
2.366751335E1,1.605272532E0,-2.351951599E-1,-6.838615537E-1,1.760648542E0
2.368705652E1,-5.738246918E0,2.213087082E-1,-3.688232899E-1,5.754344954E0
2.370658605E1,-3.641682148E0,-7.180976868E-2,3.694762588E-1,3.661081564E0
2.372610199E1,1.205998182E0,7.217502594E-2,1.282100677E0,1.761653484E0
2.374564517E1,2.392732382E0,-2.753934860E-1,9.867812395E-1,2.602834424E0
2.376517475E1,6.590839624E-1,-4.560184479E-2,1.097180247E-1,6.697083266E-1
2.378470428E1,3.105890751E-2,-8.536434174E-2,-2.464219928E-1,2.626319194E-1
2.380423387E1,1.033256173E0,5.327224731E-2,-2.531514168E-1,1.065148765E0
2.382376345E1,5.718436241E-1,6.925106049E-2,-8.899313211E-2,5.828555716E-1
2.384329298E1,-8.005201817E-2,-1.894617081E-1,2.502774000E-1,3.239488253E-1
2.386282256E1,-1.556845903E-1,-2.381114960E-1,5.772361159E-1,6.435342335E-1
2.388235210E1,-5.477856398E-1,2.114963531E-2,1.076093316E-1,5.586556922E-1
2.390188168E1,-3.006439209E-1,9.184455872E-2,-1.017318368E-1,3.304111934E-1
2.392141121E1,3.620672226E-2,4.763317108E-2,-1.412898302E-2,6.147742582E-2
2.394094079E1,-3.053026199E-1,2.039165497E-1,8.239692450E-2,3.762723776E-1
2.396047038E1,-9.611272812E-1,2.982788086E-1,4.911309481E-2,1.007545530E0
2.397999991E1,-9.976556301E-1,4.766807556E-1,-8.869785070E-2,1.109237850E0
2.399952949E1,-6.835961342E-1,5.684242249E-1,-3.952443600E-3,8.890587134E-1
2.401905902E1,-9.397981167E-1,1.182910919E0,-3.669091463E-1,1.554709318E0
2.403858861E1,-1.614047527E0,2.111204147E0,-8.164510727E-1,2.780094374E0
2.405811814E1,-3.430576563E0,4.445185661E0,-9.600223303E-1,5.696505419E0
2.407763413E1,-5.053799629E0,9.037685394E0,-1.655064821E0,1.048617602E1
2.409717730E1,-5.848441124E0,8.208393097E0,-2.816169262E0,1.046483589E1
2.411670684E1,-5.353698730E0,5.428433418E0,-2.363896608E0,7.982354706E0
2.413622282E1,-2.988520622E0,2.582311630E0,-6.394060850E-1,4.001053487E0
2.415576595E1,2.221458435E0,-2.720959187E0,2.577552795E0,4.356865259E0
2.417529553E1,2.423142910E0,-3.449756145E0,3.512133837E0,5.487032268E0
2.419481147E1,-9.790697098E0,-4.206379414E0,-1.767986417E-1,1.065751543E1
2.421435465E1,-1.140081215E1,-3.287664890E0,-1.283177853E0,1.193456340E1
2.423388418E1,-2.471724749E0,-2.424556255E0,-1.307775736E0,3.701104382E0
2.425340017E1,2.336701870E0,-2.322458744E0,1.042836070E0,3.455647163E0
2.427294329E1,-1.903294325E0,-2.709631920E0,-2.249604464E-2,3.311365353E0
2.429247288E1,-4.431619644E0,-2.581143379E0,-4.006828666E-1,5.144132636E0
2.431198881E1,-1.465903759E0,-1.627306461E0,-3.175496161E-1,2.213105942E0
2.433153199E1,2.943293095E0,-9.781045914E-1,-1.806044281E-1,3.106811998E0
2.435106152E1,4.096737862E0,-3.306436539E-1,-4.269825816E-1,4.132178658E0
2.437059111E1,2.504019737E0,2.279262543E-1,-5.105952024E-1,2.565691463E0
2.439012064E1,1.987893105E0,2.315778732E-1,-3.528503776E-1,2.032203409E0
2.440965022E1,3.069167376E0,4.551191330E-1,-2.053375393E-1,3.109515285E0
2.442917975E1,3.643733263E0,2.923583984E-1,2.460200191E-1,3.663712786E0
2.444870934E1,4.029437542E0,3.100585938E-1,4.552397430E-1,4.066908711E0
2.446823887E1,3.483253002E0,4.780864716E-2,-3.646670580E-1,3.502616052E0
2.448776845E1,3.437919855E0,-6.569290161E-1,-1.006416321E0,3.641939384E0
2.450729798E1,5.793587685E0,-1.082481384E0,-2.474549770E0,6.392246927E0
2.452682756E1,8.954491615E0,-1.526300430E0,-2.487944841E0,9.418194234E0
2.454634350E1,9.820108414E0,-2.648671627E0,-1.972672343E-1,1.017294967E1
2.456588668E1,9.744709969E0,3.119277000E0,4.787450314E0,1.129641279E1
2.458541621E1,-3.806315422E0,1.079508209E1,2.966549397E0,1.182464586E1
2.460493220E1,-1.846054459E1,-1.911401749E-1,-7.638791084E0,1.997947372E1
2.462447533E1,-1.124391794E0,-3.969539165E0,4.816464186E-1,4.153731018E0
2.464400491E1,1.349656105E1,-3.028421402E-1,3.760508299E-1,1.350519484E1
2.466352085E1,6.575850010E0,4.637823105E-1,1.033826470E0,6.672757642E0
2.468306402E1,-1.997515798E0,-1.374197006E-1,-2.365452349E-1,2.016161498E0
2.470259355E1,-4.757305622E0,-9.692573547E-2,-4.692755044E-1,4.781377509E0
2.472210954E1,3.225648403E-1,3.921976089E-1,-6.012035608E-1,7.869642700E-1
2.474165267E1,3.978276968E0,4.609889984E-1,-3.599196672E-2,4.005058540E0
2.476118225E1,1.496644139E0,-3.292913437E-1,1.793408990E-1,1.542899746E0
2.478069819E1,-9.484177232E-1,-2.771244049E-1,1.275715232E-1,9.962773745E-1
2.480024137E1,-1.856390834E-1,-2.419109344E-1,3.800086975E-1,4.872262100E-1
2.481977090E1,9.734768867E-1,-8.626556396E-2,3.766542077E-1,1.047362110E0
2.483930048E1,1.514072418E-1,7.694816589E-2,4.680800438E-2,1.761708330E-1
2.485883001E1,-4.699829817E-1,6.304168701E-2,-4.532116652E-2,4.763530891E-1
2.487835960E1,1.718797088E-1,-6.174659729E-2,-7.303386927E-2,1.966957616E-1
2.489788913E1,7.544724941E-1,-1.659212112E-1,2.281868458E-2,7.728384599E-1
2.491741871E1,4.022745490E-1,-5.671977997E-2,2.080999613E-1,4.564510271E-1
2.493694824E1,-2.266170979E-1,-5.286598206E-2,7.333630323E-2,2.439842914E-1
2.495647782E1,-2.594341636E-1,6.537628174E-2,-1.636692882E-1,3.136363807E-1
2.497600736E1,-9.703636169E-4,1.426258087E-1,-2.318809032E-1,2.722348549E-1
2.499553694E1,1.230352223E-1,1.987552643E-2,-8.622568846E-2,1.515505586E-1
2.501506647E1,1.777547598E-2,4.404067993E-2,-7.128506899E-2,8.565693256E-2
2.503459605E1,4.109603167E-2,-1.133346558E-2,5.087792873E-3,4.293270195E-2
2.505412564E1,-1.598933041E-1,-4.987144470E-2,-7.886713743E-2,1.851298330E-1
2.507365517E1,-7.420334220E-2,-4.307842255E-2,-3.093314171E-2,9.120715837E-2
2.509318470E1,1.034805477E-1,-1.166152954E-1,1.484499574E-1,2.152782867E-1
2.511271428E1,-3.145603538E-1,-1.140880585E-2,-2.299845219E-2,3.156062512E-1
2.513224387E1,-1.083142459E-1,7.393836975E-3,-9.302079678E-2,1.429668260E-1
2.515177340E1,3.519129455E-1,7.425880432E-2,-4.046332836E-2,3.619314468E-1
2.517130298E1,8.593696356E-2,-1.030426025E-1,-7.860571146E-2,1.555049759E-1
2.519083251E1,2.210536301E-1,-2.015457153E-1,5.083799362E-3,2.991842706E-1
2.521036210E1,2.418711782E-1,-8.424377441E-2,1.414811611E-2,2.565128643E-1
2.522989163E1,1.397278309E-1,-3.149032593E-2,-4.249066114E-2,1.494020202E-1
2.524942121E1,1.672750235E0,4.269657135E-1,-1.879078150E-1,1.736577788E0
2.526895074E1,2.719546258E-1,-4.859762192E-1,-2.534568310E-2,5.574716206E-1
2.528848033E1,-1.186917067E0,-1.771898270E-1,-1.541813016E-1,1.209933978E0
2.530800986E1,-4.548467398E-1,1.995315552E-1,-9.547001123E-2,5.057795184E-1
2.532753944E1,3.526302576E-1,-1.612596512E-1,1.047384739E-1,4.016502478E-1
2.534706897E1,1.869987845E-1,1.515541077E-1,-9.244978428E-2,2.578452163E-1
2.536659855E1,-6.058729887E-1,5.126094818E-2,-1.588207483E-1,6.284375811E-1
2.538612809E1,1.811441779E-2,2.778053284E-2,1.999801397E-2,3.872738953E-2
2.540565767E1,2.429217696E-1,-4.907836914E-1,5.176910758E-1,7.535805649E-1
2.542518720E1,2.458541393E-1,-2.343492508E-1,-1.566065550E-1,3.740179705E-1
2.544471678E1,1.378057897E-1,3.668689728E-2,1.375363469E-1,1.981227166E-1
2.546424637E1,2.705919743E-1,5.129003525E-1,-7.347655296E-2,5.845387857E-1
2.548377590E1,9.240230918E-2,5.259609222E-2,1.317662001E-2,1.071361702E-1
2.550330548E1,-1.120133698E-2,-5.023136139E-1,-1.905484200E-1,5.373575504E-1
2.552283501E1,1.256012768E-1,-1.695251465E-1,2.547240257E-2,2.125165860E-1
2.554236460E1,1.995234638E-1,-1.448183060E-1,-1.665979624E-2,2.471022120E-1
2.556189418E1,1.184280366E-1,1.259813309E-1,1.570649147E-1,2.335934139E-1
2.558142371E1,-2.977875769E-1,-4.120063782E-2,-8.434891701E-3,3.007425492E-1
2.560095329E1,2.866908312E-1,-2.723026276E-2,-5.708009005E-2,2.935834746E-1
2.562048282E1,4.141184390E-1,3.222846985E-2,-3.314108253E-1,5.313811164E-1
2.564001241E1,-2.756413221E-1,1.284790039E-1,2.386599183E-1,3.865792927E-1
2.565954199E1,5.285866559E-2,-8.734798431E-2,1.667004228E-1,1.954807915E-1
2.567907152E1,1.092651933E-1,1.425266266E-2,1.301639676E-1,1.705423095E-1
2.569860111E1,-3.316627070E-2,4.258155823E-2,-1.216093898E-1,1.330489921E-1
2.571813064E1,-2.508810759E-1,3.491115570E-2,-9.939318895E-2,2.721012845E-1
2.573766022E1,-1.874560714E-1,-1.360006332E-1,5.809140205E-2,2.387688462E-1
2.575718980E1,-1.680988818E-1,-2.400398254E-1,1.009872556E-1,3.099593161E-1
2.577671939E1,-1.195386052E-2,-8.275985718E-2,-2.519810200E-2,8.733288662E-2
2.579624892E1,-2.826283127E-2,9.310817719E-2,-1.598919630E-1,1.871720068E-1
2.581577850E1,1.159864217E-1,1.875400543E-1,-4.517340660E-2,2.250883352E-1
2.583530808E1,2.079688311E-1,-4.827117920E-2,8.217626810E-2,2.287664321E-1
2.585483762E1,1.678597331E-1,-2.575330734E-1,5.794030428E-2,3.128214391E-1
2.587436720E1,1.468003690E-1,-1.174716949E-1,1.461981535E-1,2.381676879E-1
2.589389678E1,1.772902608E-1,-4.933261871E-2,1.696383953E-2,1.848061571E-1
2.591342637E1,1.319999248E-1,1.288032532E-2,5.140900612E-3,1.327264547E-1
2.593295590E1,-8.325794339E-2,-5.572795868E-2,-5.164724588E-2,1.127161414E-1
2.595248548E1,2.401134521E-1,-1.018218994E-1,4.373437166E-2,2.644520076E-1
2.597201506E1,-7.878255099E-2,-1.991653442E-2,-3.161716461E-2,8.719520504E-2
2.599154465E1,-4.548363388E-2,-3.307819366E-2,-4.917705059E-2,7.470816656E-2
2.601107423E1,1.023201346E-1,-6.850337982E-2,-5.087357759E-2,1.332300413E-1
2.603060376E1,-1.605730951E-1,8.404254913E-2,-2.792185545E-2,1.833752953E-1
2.605013335E1,2.165605426E-1,-8.075428009E-2,-1.085889935E-1,2.553650169E-1
2.606966293E1,6.931817532E-2,3.748893738E-3,1.256849766E-1,1.435819521E-1
2.608919251E1,6.458364427E-2,-1.147842407E-2,-7.699799538E-2,1.011508409E-1
2.610872210E1,2.665771544E-1,-7.657527924E-2,-2.240180969E-2,2.782606579E-1
2.612825168E1,4.336420074E-2,-2.472782135E-2,7.006359100E-2,8.602805263E-2
2.614778126E1,-7.102245837E-2,1.000814438E-1,-3.863590956E-2,1.286593117E-1
2.616731085E1,-1.455468535E-1,8.251857758E-2,-1.042863131E-1,1.971518129E-1
2.618684043E1,-8.613421023E-2,-1.426334381E-1,-6.818491220E-2,1.800349469E-1
2.620637001E1,-7.940867543E-2,-1.277160645E-2,1.733547449E-2,8.227618332E-2
2.622589960E1,-1.476702988E-1,-1.145658493E-1,-8.621364832E-2,2.058267333E-1
2.624542918E1,1.893731952E-1,-7.904338837E-2,6.534737349E-2,2.153609610E-1
2.626495876E1,9.834938496E-2,-2.075958252E-2,-6.678181887E-2,1.206788015E-1
